ISO-10303-21;
HEADER;
/* Generated by software containing ST-Developer
 * from STEP Tools, Inc. (www.steptools.com) 
 */
/* OPTION: using custom renumber hook */

FILE_DESCRIPTION(
/* description */ ('STEP AP242',
'CAx-IF Rec.Pracs.---Representation and Presentation of Product Manufa
cturing Information (PMI)---4.0---2014-10-13',
'CAx-IF Rec.Pracs.---3D Tessellated Geometry---0.4---2014-09-14','2;1'),

/* implementation_level */ '2;1');

FILE_NAME(
/* name */ '68f84b68dce4e338d84b1ba2',
/* time_stamp */ '2025-10-22T03:11:36Z',
/* author */ (''),
/* organization */ (''),
/* preprocessor_version */ 'ST-DEVELOPER v20',
/* originating_system */ 'ONSHAPE BY PTC INC, 1.205',
/* authorisation */ '  ');

FILE_SCHEMA (('AP242_MANAGED_MODEL_BASED_3D_ENGINEERING_MIM_LF { 1 0 10303 442 1 1 4 }'));
ENDSEC;

DATA;
#10=SHAPE_REPRESENTATION_RELATIONSHIP('','',#2139,#11);
#11=ADVANCED_BREP_SHAPE_REPRESENTATION('',(#2137),#3477);
#12=CONICAL_SURFACE('',#2300,0.0065,0.982793723247329);
#13=LINE('',#2878,#261);
#14=LINE('',#2881,#262);
#15=LINE('',#2883,#263);
#16=LINE('',#2885,#264);
#17=LINE('',#2889,#265);
#18=LINE('',#2892,#266);
#19=LINE('',#2894,#267);
#20=LINE('',#2896,#268);
#21=LINE('',#2900,#269);
#22=LINE('',#2910,#270);
#23=LINE('',#2920,#271);
#24=LINE('',#2924,#272);
#25=LINE('',#2928,#273);
#26=LINE('',#2938,#274);
#27=LINE('',#2948,#275);
#28=LINE('',#2952,#276);
#29=LINE('',#2954,#277);
#30=LINE('',#2955,#278);
#31=LINE('',#2957,#279);
#32=LINE('',#2959,#280);
#33=LINE('',#2962,#281);
#34=LINE('',#2964,#282);
#35=LINE('',#2966,#283);
#36=LINE('',#2967,#284);
#37=LINE('',#2970,#285);
#38=LINE('',#2972,#286);
#39=LINE('',#2974,#287);
#40=LINE('',#2975,#288);
#41=LINE('',#2978,#289);
#42=LINE('',#2980,#290);
#43=LINE('',#2982,#291);
#44=LINE('',#2983,#292);
#45=LINE('',#2986,#293);
#46=LINE('',#2988,#294);
#47=LINE('',#2990,#295);
#48=LINE('',#2991,#296);
#49=LINE('',#2994,#297);
#50=LINE('',#2996,#298);
#51=LINE('',#2998,#299);
#52=LINE('',#2999,#300);
#53=LINE('',#3002,#301);
#54=LINE('',#3004,#302);
#55=LINE('',#3006,#303);
#56=LINE('',#3007,#304);
#57=LINE('',#3009,#305);
#58=LINE('',#3013,#306);
#59=LINE('',#3023,#307);
#60=LINE('',#3033,#308);
#61=LINE('',#3037,#309);
#62=LINE('',#3041,#310);
#63=LINE('',#3051,#311);
#64=LINE('',#3061,#312);
#65=LINE('',#3065,#313);
#66=LINE('',#3067,#314);
#67=LINE('',#3068,#315);
#68=LINE('',#3071,#316);
#69=LINE('',#3073,#317);
#70=LINE('',#3075,#318);
#71=LINE('',#3076,#319);
#72=LINE('',#3079,#320);
#73=LINE('',#3081,#321);
#74=LINE('',#3083,#322);
#75=LINE('',#3084,#323);
#76=LINE('',#3087,#324);
#77=LINE('',#3089,#325);
#78=LINE('',#3091,#326);
#79=LINE('',#3092,#327);
#80=LINE('',#3095,#328);
#81=LINE('',#3097,#329);
#82=LINE('',#3099,#330);
#83=LINE('',#3100,#331);
#84=LINE('',#3103,#332);
#85=LINE('',#3105,#333);
#86=LINE('',#3107,#334);
#87=LINE('',#3108,#335);
#88=LINE('',#3111,#336);
#89=LINE('',#3113,#337);
#90=LINE('',#3115,#338);
#91=LINE('',#3116,#339);
#92=LINE('',#3119,#340);
#93=LINE('',#3121,#341);
#94=LINE('',#3123,#342);
#95=LINE('',#3124,#343);
#96=LINE('',#3127,#344);
#97=LINE('',#3129,#345);
#98=LINE('',#3131,#346);
#99=LINE('',#3132,#347);
#100=LINE('',#3135,#348);
#101=LINE('',#3137,#349);
#102=LINE('',#3139,#350);
#103=LINE('',#3140,#351);
#104=LINE('',#3143,#352);
#105=LINE('',#3145,#353);
#106=LINE('',#3147,#354);
#107=LINE('',#3149,#355);
#108=LINE('',#3150,#356);
#109=LINE('',#3152,#357);
#110=LINE('',#3154,#358);
#111=LINE('',#3156,#359);
#112=LINE('',#3158,#360);
#113=LINE('',#3160,#361);
#114=LINE('',#3162,#362);
#115=LINE('',#3164,#363);
#116=LINE('',#3166,#364);
#117=LINE('',#3168,#365);
#118=LINE('',#3170,#366);
#119=LINE('',#3172,#367);
#120=LINE('',#3174,#368);
#121=LINE('',#3176,#369);
#122=LINE('',#3178,#370);
#123=LINE('',#3180,#371);
#124=LINE('',#3182,#372);
#125=LINE('',#3184,#373);
#126=LINE('',#3186,#374);
#127=LINE('',#3188,#375);
#128=LINE('',#3190,#376);
#129=LINE('',#3192,#377);
#130=LINE('',#3194,#378);
#131=LINE('',#3196,#379);
#132=LINE('',#3198,#380);
#133=LINE('',#3200,#381);
#134=LINE('',#3202,#382);
#135=LINE('',#3204,#383);
#136=LINE('',#3206,#384);
#137=LINE('',#3208,#385);
#138=LINE('',#3210,#386);
#139=LINE('',#3213,#387);
#140=LINE('',#3215,#388);
#141=LINE('',#3217,#389);
#142=LINE('',#3219,#390);
#143=LINE('',#3221,#391);
#144=LINE('',#3223,#392);
#145=LINE('',#3225,#393);
#146=LINE('',#3227,#394);
#147=LINE('',#3230,#395);
#148=LINE('',#3232,#396);
#149=LINE('',#3234,#397);
#150=LINE('',#3236,#398);
#151=LINE('',#3238,#399);
#152=LINE('',#3240,#400);
#153=LINE('',#3242,#401);
#154=LINE('',#3244,#402);
#155=LINE('',#3247,#403);
#156=LINE('',#3249,#404);
#157=LINE('',#3251,#405);
#158=LINE('',#3253,#406);
#159=LINE('',#3255,#407);
#160=LINE('',#3257,#408);
#161=LINE('',#3259,#409);
#162=LINE('',#3261,#410);
#163=LINE('',#3264,#411);
#164=LINE('',#3266,#412);
#165=LINE('',#3268,#413);
#166=LINE('',#3270,#414);
#167=LINE('',#3272,#415);
#168=LINE('',#3274,#416);
#169=LINE('',#3276,#417);
#170=LINE('',#3278,#418);
#171=LINE('',#3281,#419);
#172=LINE('',#3283,#420);
#173=LINE('',#3285,#421);
#174=LINE('',#3287,#422);
#175=LINE('',#3289,#423);
#176=LINE('',#3291,#424);
#177=LINE('',#3293,#425);
#178=LINE('',#3295,#426);
#179=LINE('',#3298,#427);
#180=LINE('',#3300,#428);
#181=LINE('',#3303,#429);
#182=LINE('',#3305,#430);
#183=LINE('',#3307,#431);
#184=LINE('',#3309,#432);
#185=LINE('',#3311,#433);
#186=LINE('',#3313,#434);
#187=LINE('',#3315,#435);
#188=LINE('',#3317,#436);
#189=LINE('',#3320,#437);
#190=LINE('',#3322,#438);
#191=LINE('',#3324,#439);
#192=LINE('',#3326,#440);
#193=LINE('',#3328,#441);
#194=LINE('',#3330,#442);
#195=LINE('',#3332,#443);
#196=LINE('',#3334,#444);
#197=LINE('',#3337,#445);
#198=LINE('',#3339,#446);
#199=LINE('',#3341,#447);
#200=LINE('',#3343,#448);
#201=LINE('',#3345,#449);
#202=LINE('',#3347,#450);
#203=LINE('',#3349,#451);
#204=LINE('',#3351,#452);
#205=LINE('',#3354,#453);
#206=LINE('',#3356,#454);
#207=LINE('',#3358,#455);
#208=LINE('',#3360,#456);
#209=LINE('',#3362,#457);
#210=LINE('',#3364,#458);
#211=LINE('',#3366,#459);
#212=LINE('',#3368,#460);
#213=LINE('',#3371,#461);
#214=LINE('',#3373,#462);
#215=LINE('',#3375,#463);
#216=LINE('',#3377,#464);
#217=LINE('',#3379,#465);
#218=LINE('',#3381,#466);
#219=LINE('',#3383,#467);
#220=LINE('',#3385,#468);
#221=LINE('',#3388,#469);
#222=LINE('',#3390,#470);
#223=LINE('',#3392,#471);
#224=LINE('',#3394,#472);
#225=LINE('',#3396,#473);
#226=LINE('',#3398,#474);
#227=LINE('',#3400,#475);
#228=LINE('',#3402,#476);
#229=LINE('',#3405,#477);
#230=LINE('',#3407,#478);
#231=LINE('',#3409,#479);
#232=LINE('',#3411,#480);
#233=LINE('',#3413,#481);
#234=LINE('',#3415,#482);
#235=LINE('',#3417,#483);
#236=LINE('',#3419,#484);
#237=LINE('',#3422,#485);
#238=LINE('',#3424,#486);
#239=LINE('',#3426,#487);
#240=LINE('',#3428,#488);
#241=LINE('',#3430,#489);
#242=LINE('',#3432,#490);
#243=LINE('',#3434,#491);
#244=LINE('',#3436,#492);
#245=LINE('',#3439,#493);
#246=LINE('',#3441,#494);
#247=LINE('',#3443,#495);
#248=LINE('',#3445,#496);
#249=LINE('',#3447,#497);
#250=LINE('',#3449,#498);
#251=LINE('',#3451,#499);
#252=LINE('',#3453,#500);
#253=LINE('',#3456,#501);
#254=LINE('',#3458,#502);
#255=LINE('',#3460,#503);
#256=LINE('',#3462,#504);
#257=LINE('',#3464,#505);
#258=LINE('',#3466,#506);
#259=LINE('',#3468,#507);
#260=LINE('',#3470,#508);
#261=VECTOR('',#2311,1.);
#262=VECTOR('',#2312,1.);
#263=VECTOR('',#2313,1.);
#264=VECTOR('',#2314,1.);
#265=VECTOR('',#2319,1.);
#266=VECTOR('',#2320,1.);
#267=VECTOR('',#2321,1.);
#268=VECTOR('',#2322,1.);
#269=VECTOR('',#2325,1.);
#270=VECTOR('',#2334,1.);
#271=VECTOR('',#2343,1.);
#272=VECTOR('',#2346,1.);
#273=VECTOR('',#2349,1.);
#274=VECTOR('',#2358,1.);
#275=VECTOR('',#2367,1.);
#276=VECTOR('',#2370,1.);
#277=VECTOR('',#2371,1.);
#278=VECTOR('',#2372,1.);
#279=VECTOR('',#2373,1.);
#280=VECTOR('',#2376,1.);
#281=VECTOR('',#2377,1.);
#282=VECTOR('',#2378,1.);
#283=VECTOR('',#2379,1.);
#284=VECTOR('',#2380,1.);
#285=VECTOR('',#2381,1.);
#286=VECTOR('',#2382,1.);
#287=VECTOR('',#2383,1.);
#288=VECTOR('',#2384,1.);
#289=VECTOR('',#2385,1.);
#290=VECTOR('',#2386,1.);
#291=VECTOR('',#2387,1.);
#292=VECTOR('',#2388,1.);
#293=VECTOR('',#2389,1.);
#294=VECTOR('',#2390,1.);
#295=VECTOR('',#2391,1.);
#296=VECTOR('',#2392,1.);
#297=VECTOR('',#2393,1.);
#298=VECTOR('',#2394,1.);
#299=VECTOR('',#2395,1.);
#300=VECTOR('',#2396,1.);
#301=VECTOR('',#2397,1.);
#302=VECTOR('',#2398,1.);
#303=VECTOR('',#2399,1.);
#304=VECTOR('',#2400,1.);
#305=VECTOR('',#2401,1.);
#306=VECTOR('',#2404,1.);
#307=VECTOR('',#2413,1.);
#308=VECTOR('',#2422,1.);
#309=VECTOR('',#2425,1.);
#310=VECTOR('',#2428,1.);
#311=VECTOR('',#2437,1.);
#312=VECTOR('',#2446,1.);
#313=VECTOR('',#2449,1.);
#314=VECTOR('',#2450,1.);
#315=VECTOR('',#2451,1.);
#316=VECTOR('',#2452,1.);
#317=VECTOR('',#2453,1.);
#318=VECTOR('',#2454,1.);
#319=VECTOR('',#2455,1.);
#320=VECTOR('',#2456,1.);
#321=VECTOR('',#2457,1.);
#322=VECTOR('',#2458,1.);
#323=VECTOR('',#2459,1.);
#324=VECTOR('',#2460,1.);
#325=VECTOR('',#2461,1.);
#326=VECTOR('',#2462,1.);
#327=VECTOR('',#2463,1.);
#328=VECTOR('',#2464,1.);
#329=VECTOR('',#2465,1.);
#330=VECTOR('',#2466,1.);
#331=VECTOR('',#2467,1.);
#332=VECTOR('',#2468,1.);
#333=VECTOR('',#2469,1.);
#334=VECTOR('',#2470,1.);
#335=VECTOR('',#2471,1.);
#336=VECTOR('',#2472,1.);
#337=VECTOR('',#2473,1.);
#338=VECTOR('',#2474,1.);
#339=VECTOR('',#2475,1.);
#340=VECTOR('',#2476,1.);
#341=VECTOR('',#2477,1.);
#342=VECTOR('',#2478,1.);
#343=VECTOR('',#2479,1.);
#344=VECTOR('',#2480,1.);
#345=VECTOR('',#2481,1.);
#346=VECTOR('',#2482,1.);
#347=VECTOR('',#2483,1.);
#348=VECTOR('',#2484,1.);
#349=VECTOR('',#2485,1.);
#350=VECTOR('',#2486,1.);
#351=VECTOR('',#2487,1.);
#352=VECTOR('',#2488,1.);
#353=VECTOR('',#2489,1.);
#354=VECTOR('',#2490,1.);
#355=VECTOR('',#2493,1.);
#356=VECTOR('',#2494,1.);
#357=VECTOR('',#2497,1.);
#358=VECTOR('',#2500,1.);
#359=VECTOR('',#2503,1.);
#360=VECTOR('',#2506,1.);
#361=VECTOR('',#2509,1.);
#362=VECTOR('',#2512,1.);
#363=VECTOR('',#2515,1.);
#364=VECTOR('',#2518,1.);
#365=VECTOR('',#2521,1.);
#366=VECTOR('',#2524,1.);
#367=VECTOR('',#2527,1.);
#368=VECTOR('',#2530,1.);
#369=VECTOR('',#2533,1.);
#370=VECTOR('',#2536,1.);
#371=VECTOR('',#2539,1.);
#372=VECTOR('',#2542,1.);
#373=VECTOR('',#2545,1.);
#374=VECTOR('',#2548,1.);
#375=VECTOR('',#2551,1.);
#376=VECTOR('',#2554,1.);
#377=VECTOR('',#2557,1.);
#378=VECTOR('',#2560,1.);
#379=VECTOR('',#2563,1.);
#380=VECTOR('',#2566,1.);
#381=VECTOR('',#2569,1.);
#382=VECTOR('',#2572,1.);
#383=VECTOR('',#2575,1.);
#384=VECTOR('',#2578,1.);
#385=VECTOR('',#2581,1.);
#386=VECTOR('',#2584,1.);
#387=VECTOR('',#2589,1.);
#388=VECTOR('',#2590,1.);
#389=VECTOR('',#2591,1.);
#390=VECTOR('',#2594,1.);
#391=VECTOR('',#2595,1.);
#392=VECTOR('',#2598,1.);
#393=VECTOR('',#2599,1.);
#394=VECTOR('',#2602,1.);
#395=VECTOR('',#2607,1.);
#396=VECTOR('',#2608,1.);
#397=VECTOR('',#2609,1.);
#398=VECTOR('',#2612,1.);
#399=VECTOR('',#2613,1.);
#400=VECTOR('',#2616,1.);
#401=VECTOR('',#2617,1.);
#402=VECTOR('',#2620,1.);
#403=VECTOR('',#2625,1.);
#404=VECTOR('',#2626,1.);
#405=VECTOR('',#2627,1.);
#406=VECTOR('',#2630,1.);
#407=VECTOR('',#2631,1.);
#408=VECTOR('',#2634,1.);
#409=VECTOR('',#2635,1.);
#410=VECTOR('',#2638,1.);
#411=VECTOR('',#2643,1.);
#412=VECTOR('',#2644,1.);
#413=VECTOR('',#2645,1.);
#414=VECTOR('',#2648,1.);
#415=VECTOR('',#2649,1.);
#416=VECTOR('',#2652,1.);
#417=VECTOR('',#2653,1.);
#418=VECTOR('',#2656,1.);
#419=VECTOR('',#2661,1.);
#420=VECTOR('',#2662,1.);
#421=VECTOR('',#2663,1.);
#422=VECTOR('',#2666,1.);
#423=VECTOR('',#2667,1.);
#424=VECTOR('',#2670,1.);
#425=VECTOR('',#2671,1.);
#426=VECTOR('',#2674,1.);
#427=VECTOR('',#2679,1.);
#428=VECTOR('',#2682,1.);
#429=VECTOR('',#2687,1.);
#430=VECTOR('',#2688,1.);
#431=VECTOR('',#2689,1.);
#432=VECTOR('',#2692,1.);
#433=VECTOR('',#2693,1.);
#434=VECTOR('',#2696,1.);
#435=VECTOR('',#2697,1.);
#436=VECTOR('',#2700,1.);
#437=VECTOR('',#2705,1.);
#438=VECTOR('',#2706,1.);
#439=VECTOR('',#2707,1.);
#440=VECTOR('',#2710,1.);
#441=VECTOR('',#2711,1.);
#442=VECTOR('',#2714,1.);
#443=VECTOR('',#2715,1.);
#444=VECTOR('',#2718,1.);
#445=VECTOR('',#2723,1.);
#446=VECTOR('',#2724,1.);
#447=VECTOR('',#2725,1.);
#448=VECTOR('',#2728,1.);
#449=VECTOR('',#2729,1.);
#450=VECTOR('',#2732,1.);
#451=VECTOR('',#2733,1.);
#452=VECTOR('',#2736,1.);
#453=VECTOR('',#2741,1.);
#454=VECTOR('',#2742,1.);
#455=VECTOR('',#2743,1.);
#456=VECTOR('',#2746,1.);
#457=VECTOR('',#2747,1.);
#458=VECTOR('',#2750,1.);
#459=VECTOR('',#2751,1.);
#460=VECTOR('',#2754,1.);
#461=VECTOR('',#2759,1.);
#462=VECTOR('',#2760,1.);
#463=VECTOR('',#2761,1.);
#464=VECTOR('',#2764,1.);
#465=VECTOR('',#2765,1.);
#466=VECTOR('',#2768,1.);
#467=VECTOR('',#2769,1.);
#468=VECTOR('',#2772,1.);
#469=VECTOR('',#2777,1.);
#470=VECTOR('',#2778,1.);
#471=VECTOR('',#2779,1.);
#472=VECTOR('',#2782,1.);
#473=VECTOR('',#2783,1.);
#474=VECTOR('',#2786,1.);
#475=VECTOR('',#2787,1.);
#476=VECTOR('',#2790,1.);
#477=VECTOR('',#2795,1.);
#478=VECTOR('',#2796,1.);
#479=VECTOR('',#2797,1.);
#480=VECTOR('',#2800,1.);
#481=VECTOR('',#2801,1.);
#482=VECTOR('',#2804,1.);
#483=VECTOR('',#2805,1.);
#484=VECTOR('',#2808,1.);
#485=VECTOR('',#2813,1.);
#486=VECTOR('',#2814,1.);
#487=VECTOR('',#2815,1.);
#488=VECTOR('',#2818,1.);
#489=VECTOR('',#2819,1.);
#490=VECTOR('',#2822,1.);
#491=VECTOR('',#2823,1.);
#492=VECTOR('',#2826,1.);
#493=VECTOR('',#2831,1.);
#494=VECTOR('',#2832,1.);
#495=VECTOR('',#2833,1.);
#496=VECTOR('',#2836,1.);
#497=VECTOR('',#2837,1.);
#498=VECTOR('',#2840,1.);
#499=VECTOR('',#2841,1.);
#500=VECTOR('',#2844,1.);
#501=VECTOR('',#2849,1.);
#502=VECTOR('',#2850,1.);
#503=VECTOR('',#2851,1.);
#504=VECTOR('',#2854,1.);
#505=VECTOR('',#2855,1.);
#506=VECTOR('',#2858,1.);
#507=VECTOR('',#2859,1.);
#508=VECTOR('',#2862,1.);
#509=PLANE('',#2144);
#510=PLANE('',#2145);
#511=PLANE('',#2167);
#512=PLANE('',#2188);
#513=PLANE('',#2189);
#514=PLANE('',#2190);
#515=PLANE('',#2192);
#516=PLANE('',#2197);
#517=PLANE('',#2202);
#518=PLANE('',#2204);
#519=PLANE('',#2206);
#520=PLANE('',#2211);
#521=PLANE('',#2216);
#522=PLANE('',#2218);
#523=PLANE('',#2219);
#524=PLANE('',#2220);
#525=PLANE('',#2221);
#526=PLANE('',#2222);
#527=PLANE('',#2223);
#528=PLANE('',#2224);
#529=PLANE('',#2225);
#530=PLANE('',#2226);
#531=PLANE('',#2227);
#532=PLANE('',#2228);
#533=PLANE('',#2229);
#534=PLANE('',#2230);
#535=PLANE('',#2231);
#536=PLANE('',#2232);
#537=PLANE('',#2233);
#538=PLANE('',#2234);
#539=PLANE('',#2235);
#540=PLANE('',#2236);
#541=PLANE('',#2237);
#542=PLANE('',#2238);
#543=PLANE('',#2239);
#544=PLANE('',#2240);
#545=PLANE('',#2241);
#546=PLANE('',#2242);
#547=PLANE('',#2243);
#548=PLANE('',#2244);
#549=PLANE('',#2245);
#550=PLANE('',#2246);
#551=PLANE('',#2247);
#552=PLANE('',#2248);
#553=PLANE('',#2249);
#554=PLANE('',#2250);
#555=PLANE('',#2251);
#556=PLANE('',#2252);
#557=PLANE('',#2253);
#558=PLANE('',#2254);
#559=PLANE('',#2255);
#560=PLANE('',#2256);
#561=PLANE('',#2257);
#562=PLANE('',#2258);
#563=PLANE('',#2259);
#564=PLANE('',#2260);
#565=PLANE('',#2261);
#566=PLANE('',#2262);
#567=PLANE('',#2263);
#568=PLANE('',#2264);
#569=PLANE('',#2265);
#570=PLANE('',#2266);
#571=PLANE('',#2267);
#572=PLANE('',#2268);
#573=PLANE('',#2269);
#574=PLANE('',#2270);
#575=PLANE('',#2271);
#576=PLANE('',#2272);
#577=PLANE('',#2273);
#578=PLANE('',#2274);
#579=PLANE('',#2275);
#580=PLANE('',#2276);
#581=PLANE('',#2277);
#582=PLANE('',#2278);
#583=PLANE('',#2279);
#584=PLANE('',#2280);
#585=PLANE('',#2281);
#586=PLANE('',#2282);
#587=PLANE('',#2283);
#588=PLANE('',#2284);
#589=PLANE('',#2285);
#590=PLANE('',#2286);
#591=PLANE('',#2287);
#592=PLANE('',#2288);
#593=PLANE('',#2289);
#594=PLANE('',#2290);
#595=PLANE('',#2291);
#596=PLANE('',#2292);
#597=PLANE('',#2293);
#598=PLANE('',#2294);
#599=PLANE('',#2295);
#600=PLANE('',#2296);
#601=PLANE('',#2297);
#602=ORIENTED_EDGE('',*,*,#1186,.T.);
#603=ORIENTED_EDGE('',*,*,#1187,.F.);
#604=ORIENTED_EDGE('',*,*,#1188,.F.);
#605=ORIENTED_EDGE('',*,*,#1189,.F.);
#606=ORIENTED_EDGE('',*,*,#1190,.T.);
#607=ORIENTED_EDGE('',*,*,#1191,.T.);
#608=ORIENTED_EDGE('',*,*,#1192,.F.);
#609=ORIENTED_EDGE('',*,*,#1193,.F.);
#610=ORIENTED_EDGE('',*,*,#1194,.T.);
#611=ORIENTED_EDGE('',*,*,#1195,.T.);
#612=ORIENTED_EDGE('',*,*,#1196,.T.);
#613=ORIENTED_EDGE('',*,*,#1197,.T.);
#614=ORIENTED_EDGE('',*,*,#1198,.T.);
#615=ORIENTED_EDGE('',*,*,#1199,.T.);
#616=ORIENTED_EDGE('',*,*,#1200,.T.);
#617=ORIENTED_EDGE('',*,*,#1201,.T.);
#618=ORIENTED_EDGE('',*,*,#1202,.T.);
#619=ORIENTED_EDGE('',*,*,#1203,.T.);
#620=ORIENTED_EDGE('',*,*,#1204,.T.);
#621=ORIENTED_EDGE('',*,*,#1205,.T.);
#622=ORIENTED_EDGE('',*,*,#1206,.T.);
#623=ORIENTED_EDGE('',*,*,#1207,.T.);
#624=ORIENTED_EDGE('',*,*,#1208,.T.);
#625=ORIENTED_EDGE('',*,*,#1209,.T.);
#626=ORIENTED_EDGE('',*,*,#1210,.T.);
#627=ORIENTED_EDGE('',*,*,#1211,.T.);
#628=ORIENTED_EDGE('',*,*,#1212,.T.);
#629=ORIENTED_EDGE('',*,*,#1213,.T.);
#630=ORIENTED_EDGE('',*,*,#1214,.T.);
#631=ORIENTED_EDGE('',*,*,#1215,.T.);
#632=ORIENTED_EDGE('',*,*,#1216,.T.);
#633=ORIENTED_EDGE('',*,*,#1217,.T.);
#634=ORIENTED_EDGE('',*,*,#1218,.T.);
#635=ORIENTED_EDGE('',*,*,#1219,.T.);
#636=ORIENTED_EDGE('',*,*,#1220,.T.);
#637=ORIENTED_EDGE('',*,*,#1221,.T.);
#638=ORIENTED_EDGE('',*,*,#1222,.T.);
#639=ORIENTED_EDGE('',*,*,#1223,.T.);
#640=ORIENTED_EDGE('',*,*,#1224,.T.);
#641=ORIENTED_EDGE('',*,*,#1225,.T.);
#642=ORIENTED_EDGE('',*,*,#1189,.T.);
#643=ORIENTED_EDGE('',*,*,#1226,.F.);
#644=ORIENTED_EDGE('',*,*,#1227,.T.);
#645=ORIENTED_EDGE('',*,*,#1186,.F.);
#646=ORIENTED_EDGE('',*,*,#1228,.T.);
#647=ORIENTED_EDGE('',*,*,#1229,.T.);
#648=ORIENTED_EDGE('',*,*,#1230,.T.);
#649=ORIENTED_EDGE('',*,*,#1231,.T.);
#650=ORIENTED_EDGE('',*,*,#1232,.T.);
#651=ORIENTED_EDGE('',*,*,#1233,.T.);
#652=ORIENTED_EDGE('',*,*,#1234,.T.);
#653=ORIENTED_EDGE('',*,*,#1235,.T.);
#654=ORIENTED_EDGE('',*,*,#1236,.F.);
#655=ORIENTED_EDGE('',*,*,#1237,.T.);
#656=ORIENTED_EDGE('',*,*,#1238,.T.);
#657=ORIENTED_EDGE('',*,*,#1239,.F.);
#658=ORIENTED_EDGE('',*,*,#1240,.F.);
#659=ORIENTED_EDGE('',*,*,#1241,.T.);
#660=ORIENTED_EDGE('',*,*,#1242,.T.);
#661=ORIENTED_EDGE('',*,*,#1243,.F.);
#662=ORIENTED_EDGE('',*,*,#1244,.T.);
#663=ORIENTED_EDGE('',*,*,#1245,.T.);
#664=ORIENTED_EDGE('',*,*,#1246,.T.);
#665=ORIENTED_EDGE('',*,*,#1247,.T.);
#666=ORIENTED_EDGE('',*,*,#1248,.F.);
#667=ORIENTED_EDGE('',*,*,#1249,.T.);
#668=ORIENTED_EDGE('',*,*,#1250,.F.);
#669=ORIENTED_EDGE('',*,*,#1251,.T.);
#670=ORIENTED_EDGE('',*,*,#1191,.F.);
#671=ORIENTED_EDGE('',*,*,#1252,.F.);
#672=ORIENTED_EDGE('',*,*,#1253,.F.);
#673=ORIENTED_EDGE('',*,*,#1254,.F.);
#674=ORIENTED_EDGE('',*,*,#1255,.F.);
#675=ORIENTED_EDGE('',*,*,#1256,.F.);
#676=ORIENTED_EDGE('',*,*,#1257,.F.);
#677=ORIENTED_EDGE('',*,*,#1258,.F.);
#678=ORIENTED_EDGE('',*,*,#1259,.F.);
#679=ORIENTED_EDGE('',*,*,#1260,.F.);
#680=ORIENTED_EDGE('',*,*,#1261,.F.);
#681=ORIENTED_EDGE('',*,*,#1262,.F.);
#682=ORIENTED_EDGE('',*,*,#1263,.F.);
#683=ORIENTED_EDGE('',*,*,#1264,.F.);
#684=ORIENTED_EDGE('',*,*,#1265,.F.);
#685=ORIENTED_EDGE('',*,*,#1266,.F.);
#686=ORIENTED_EDGE('',*,*,#1267,.F.);
#687=ORIENTED_EDGE('',*,*,#1268,.F.);
#688=ORIENTED_EDGE('',*,*,#1269,.F.);
#689=ORIENTED_EDGE('',*,*,#1270,.F.);
#690=ORIENTED_EDGE('',*,*,#1271,.F.);
#691=ORIENTED_EDGE('',*,*,#1272,.F.);
#692=ORIENTED_EDGE('',*,*,#1273,.F.);
#693=ORIENTED_EDGE('',*,*,#1274,.F.);
#694=ORIENTED_EDGE('',*,*,#1275,.F.);
#695=ORIENTED_EDGE('',*,*,#1276,.F.);
#696=ORIENTED_EDGE('',*,*,#1277,.F.);
#697=ORIENTED_EDGE('',*,*,#1278,.F.);
#698=ORIENTED_EDGE('',*,*,#1279,.F.);
#699=ORIENTED_EDGE('',*,*,#1280,.F.);
#700=ORIENTED_EDGE('',*,*,#1281,.F.);
#701=ORIENTED_EDGE('',*,*,#1282,.F.);
#702=ORIENTED_EDGE('',*,*,#1283,.T.);
#703=ORIENTED_EDGE('',*,*,#1284,.T.);
#704=ORIENTED_EDGE('',*,*,#1285,.T.);
#705=ORIENTED_EDGE('',*,*,#1286,.T.);
#706=ORIENTED_EDGE('',*,*,#1287,.T.);
#707=ORIENTED_EDGE('',*,*,#1288,.T.);
#708=ORIENTED_EDGE('',*,*,#1289,.T.);
#709=ORIENTED_EDGE('',*,*,#1290,.T.);
#710=ORIENTED_EDGE('',*,*,#1291,.F.);
#711=ORIENTED_EDGE('',*,*,#1292,.T.);
#712=ORIENTED_EDGE('',*,*,#1293,.T.);
#713=ORIENTED_EDGE('',*,*,#1294,.F.);
#714=ORIENTED_EDGE('',*,*,#1295,.F.);
#715=ORIENTED_EDGE('',*,*,#1296,.T.);
#716=ORIENTED_EDGE('',*,*,#1297,.T.);
#717=ORIENTED_EDGE('',*,*,#1298,.F.);
#718=ORIENTED_EDGE('',*,*,#1299,.F.);
#719=ORIENTED_EDGE('',*,*,#1300,.T.);
#720=ORIENTED_EDGE('',*,*,#1301,.T.);
#721=ORIENTED_EDGE('',*,*,#1302,.F.);
#722=ORIENTED_EDGE('',*,*,#1303,.F.);
#723=ORIENTED_EDGE('',*,*,#1304,.T.);
#724=ORIENTED_EDGE('',*,*,#1305,.T.);
#725=ORIENTED_EDGE('',*,*,#1306,.F.);
#726=ORIENTED_EDGE('',*,*,#1307,.F.);
#727=ORIENTED_EDGE('',*,*,#1308,.T.);
#728=ORIENTED_EDGE('',*,*,#1309,.T.);
#729=ORIENTED_EDGE('',*,*,#1310,.F.);
#730=ORIENTED_EDGE('',*,*,#1311,.F.);
#731=ORIENTED_EDGE('',*,*,#1312,.T.);
#732=ORIENTED_EDGE('',*,*,#1313,.T.);
#733=ORIENTED_EDGE('',*,*,#1314,.F.);
#734=ORIENTED_EDGE('',*,*,#1315,.F.);
#735=ORIENTED_EDGE('',*,*,#1316,.T.);
#736=ORIENTED_EDGE('',*,*,#1317,.T.);
#737=ORIENTED_EDGE('',*,*,#1318,.F.);
#738=ORIENTED_EDGE('',*,*,#1319,.T.);
#739=ORIENTED_EDGE('',*,*,#1320,.T.);
#740=ORIENTED_EDGE('',*,*,#1321,.T.);
#741=ORIENTED_EDGE('',*,*,#1322,.T.);
#742=ORIENTED_EDGE('',*,*,#1194,.F.);
#743=ORIENTED_EDGE('',*,*,#1323,.T.);
#744=ORIENTED_EDGE('',*,*,#1248,.T.);
#745=ORIENTED_EDGE('',*,*,#1324,.F.);
#746=ORIENTED_EDGE('',*,*,#1282,.T.);
#747=ORIENTED_EDGE('',*,*,#1325,.F.);
#748=ORIENTED_EDGE('',*,*,#1195,.F.);
#749=ORIENTED_EDGE('',*,*,#1324,.T.);
#750=ORIENTED_EDGE('',*,*,#1281,.T.);
#751=ORIENTED_EDGE('',*,*,#1326,.F.);
#752=ORIENTED_EDGE('',*,*,#1196,.F.);
#753=ORIENTED_EDGE('',*,*,#1325,.T.);
#754=ORIENTED_EDGE('',*,*,#1280,.T.);
#755=ORIENTED_EDGE('',*,*,#1327,.F.);
#756=ORIENTED_EDGE('',*,*,#1197,.F.);
#757=ORIENTED_EDGE('',*,*,#1326,.T.);
#758=ORIENTED_EDGE('',*,*,#1279,.T.);
#759=ORIENTED_EDGE('',*,*,#1328,.F.);
#760=ORIENTED_EDGE('',*,*,#1198,.F.);
#761=ORIENTED_EDGE('',*,*,#1327,.T.);
#762=ORIENTED_EDGE('',*,*,#1278,.T.);
#763=ORIENTED_EDGE('',*,*,#1329,.F.);
#764=ORIENTED_EDGE('',*,*,#1199,.F.);
#765=ORIENTED_EDGE('',*,*,#1328,.T.);
#766=ORIENTED_EDGE('',*,*,#1277,.T.);
#767=ORIENTED_EDGE('',*,*,#1330,.F.);
#768=ORIENTED_EDGE('',*,*,#1200,.F.);
#769=ORIENTED_EDGE('',*,*,#1329,.T.);
#770=ORIENTED_EDGE('',*,*,#1276,.T.);
#771=ORIENTED_EDGE('',*,*,#1331,.F.);
#772=ORIENTED_EDGE('',*,*,#1201,.F.);
#773=ORIENTED_EDGE('',*,*,#1330,.T.);
#774=ORIENTED_EDGE('',*,*,#1275,.T.);
#775=ORIENTED_EDGE('',*,*,#1332,.F.);
#776=ORIENTED_EDGE('',*,*,#1202,.F.);
#777=ORIENTED_EDGE('',*,*,#1331,.T.);
#778=ORIENTED_EDGE('',*,*,#1274,.T.);
#779=ORIENTED_EDGE('',*,*,#1333,.F.);
#780=ORIENTED_EDGE('',*,*,#1203,.F.);
#781=ORIENTED_EDGE('',*,*,#1332,.T.);
#782=ORIENTED_EDGE('',*,*,#1273,.T.);
#783=ORIENTED_EDGE('',*,*,#1334,.F.);
#784=ORIENTED_EDGE('',*,*,#1204,.F.);
#785=ORIENTED_EDGE('',*,*,#1333,.T.);
#786=ORIENTED_EDGE('',*,*,#1272,.T.);
#787=ORIENTED_EDGE('',*,*,#1335,.F.);
#788=ORIENTED_EDGE('',*,*,#1205,.F.);
#789=ORIENTED_EDGE('',*,*,#1334,.T.);
#790=ORIENTED_EDGE('',*,*,#1271,.T.);
#791=ORIENTED_EDGE('',*,*,#1336,.F.);
#792=ORIENTED_EDGE('',*,*,#1206,.F.);
#793=ORIENTED_EDGE('',*,*,#1335,.T.);
#794=ORIENTED_EDGE('',*,*,#1270,.T.);
#795=ORIENTED_EDGE('',*,*,#1337,.F.);
#796=ORIENTED_EDGE('',*,*,#1207,.F.);
#797=ORIENTED_EDGE('',*,*,#1336,.T.);
#798=ORIENTED_EDGE('',*,*,#1269,.T.);
#799=ORIENTED_EDGE('',*,*,#1338,.F.);
#800=ORIENTED_EDGE('',*,*,#1208,.F.);
#801=ORIENTED_EDGE('',*,*,#1337,.T.);
#802=ORIENTED_EDGE('',*,*,#1268,.T.);
#803=ORIENTED_EDGE('',*,*,#1339,.F.);
#804=ORIENTED_EDGE('',*,*,#1209,.F.);
#805=ORIENTED_EDGE('',*,*,#1338,.T.);
#806=ORIENTED_EDGE('',*,*,#1267,.T.);
#807=ORIENTED_EDGE('',*,*,#1340,.F.);
#808=ORIENTED_EDGE('',*,*,#1210,.F.);
#809=ORIENTED_EDGE('',*,*,#1339,.T.);
#810=ORIENTED_EDGE('',*,*,#1266,.T.);
#811=ORIENTED_EDGE('',*,*,#1341,.F.);
#812=ORIENTED_EDGE('',*,*,#1211,.F.);
#813=ORIENTED_EDGE('',*,*,#1340,.T.);
#814=ORIENTED_EDGE('',*,*,#1265,.T.);
#815=ORIENTED_EDGE('',*,*,#1342,.F.);
#816=ORIENTED_EDGE('',*,*,#1212,.F.);
#817=ORIENTED_EDGE('',*,*,#1341,.T.);
#818=ORIENTED_EDGE('',*,*,#1264,.T.);
#819=ORIENTED_EDGE('',*,*,#1343,.F.);
#820=ORIENTED_EDGE('',*,*,#1213,.F.);
#821=ORIENTED_EDGE('',*,*,#1342,.T.);
#822=ORIENTED_EDGE('',*,*,#1263,.T.);
#823=ORIENTED_EDGE('',*,*,#1344,.F.);
#824=ORIENTED_EDGE('',*,*,#1214,.F.);
#825=ORIENTED_EDGE('',*,*,#1343,.T.);
#826=ORIENTED_EDGE('',*,*,#1262,.T.);
#827=ORIENTED_EDGE('',*,*,#1345,.F.);
#828=ORIENTED_EDGE('',*,*,#1215,.F.);
#829=ORIENTED_EDGE('',*,*,#1344,.T.);
#830=ORIENTED_EDGE('',*,*,#1261,.T.);
#831=ORIENTED_EDGE('',*,*,#1346,.F.);
#832=ORIENTED_EDGE('',*,*,#1216,.F.);
#833=ORIENTED_EDGE('',*,*,#1345,.T.);
#834=ORIENTED_EDGE('',*,*,#1260,.T.);
#835=ORIENTED_EDGE('',*,*,#1347,.F.);
#836=ORIENTED_EDGE('',*,*,#1217,.F.);
#837=ORIENTED_EDGE('',*,*,#1346,.T.);
#838=ORIENTED_EDGE('',*,*,#1259,.T.);
#839=ORIENTED_EDGE('',*,*,#1348,.F.);
#840=ORIENTED_EDGE('',*,*,#1218,.F.);
#841=ORIENTED_EDGE('',*,*,#1347,.T.);
#842=ORIENTED_EDGE('',*,*,#1258,.T.);
#843=ORIENTED_EDGE('',*,*,#1349,.F.);
#844=ORIENTED_EDGE('',*,*,#1219,.F.);
#845=ORIENTED_EDGE('',*,*,#1348,.T.);
#846=ORIENTED_EDGE('',*,*,#1257,.T.);
#847=ORIENTED_EDGE('',*,*,#1350,.F.);
#848=ORIENTED_EDGE('',*,*,#1220,.F.);
#849=ORIENTED_EDGE('',*,*,#1349,.T.);
#850=ORIENTED_EDGE('',*,*,#1256,.T.);
#851=ORIENTED_EDGE('',*,*,#1351,.F.);
#852=ORIENTED_EDGE('',*,*,#1221,.F.);
#853=ORIENTED_EDGE('',*,*,#1350,.T.);
#854=ORIENTED_EDGE('',*,*,#1255,.T.);
#855=ORIENTED_EDGE('',*,*,#1352,.F.);
#856=ORIENTED_EDGE('',*,*,#1222,.F.);
#857=ORIENTED_EDGE('',*,*,#1351,.T.);
#858=ORIENTED_EDGE('',*,*,#1254,.T.);
#859=ORIENTED_EDGE('',*,*,#1353,.F.);
#860=ORIENTED_EDGE('',*,*,#1223,.F.);
#861=ORIENTED_EDGE('',*,*,#1352,.T.);
#862=ORIENTED_EDGE('',*,*,#1253,.T.);
#863=ORIENTED_EDGE('',*,*,#1354,.F.);
#864=ORIENTED_EDGE('',*,*,#1224,.F.);
#865=ORIENTED_EDGE('',*,*,#1353,.T.);
#866=ORIENTED_EDGE('',*,*,#1252,.T.);
#867=ORIENTED_EDGE('',*,*,#1190,.F.);
#868=ORIENTED_EDGE('',*,*,#1225,.F.);
#869=ORIENTED_EDGE('',*,*,#1354,.T.);
#870=ORIENTED_EDGE('',*,*,#1229,.F.);
#871=ORIENTED_EDGE('',*,*,#1355,.F.);
#872=ORIENTED_EDGE('',*,*,#1356,.T.);
#873=ORIENTED_EDGE('',*,*,#1357,.T.);
#874=ORIENTED_EDGE('',*,*,#1228,.F.);
#875=ORIENTED_EDGE('',*,*,#1358,.F.);
#876=ORIENTED_EDGE('',*,*,#1359,.T.);
#877=ORIENTED_EDGE('',*,*,#1355,.T.);
#878=ORIENTED_EDGE('',*,*,#1231,.F.);
#879=ORIENTED_EDGE('',*,*,#1360,.F.);
#880=ORIENTED_EDGE('',*,*,#1361,.T.);
#881=ORIENTED_EDGE('',*,*,#1358,.T.);
#882=ORIENTED_EDGE('',*,*,#1230,.F.);
#883=ORIENTED_EDGE('',*,*,#1357,.F.);
#884=ORIENTED_EDGE('',*,*,#1362,.T.);
#885=ORIENTED_EDGE('',*,*,#1360,.T.);
#886=ORIENTED_EDGE('',*,*,#1356,.F.);
#887=ORIENTED_EDGE('',*,*,#1359,.F.);
#888=ORIENTED_EDGE('',*,*,#1361,.F.);
#889=ORIENTED_EDGE('',*,*,#1362,.F.);
#890=ORIENTED_EDGE('',*,*,#1233,.F.);
#891=ORIENTED_EDGE('',*,*,#1363,.F.);
#892=ORIENTED_EDGE('',*,*,#1364,.T.);
#893=ORIENTED_EDGE('',*,*,#1365,.T.);
#894=ORIENTED_EDGE('',*,*,#1232,.F.);
#895=ORIENTED_EDGE('',*,*,#1366,.F.);
#896=ORIENTED_EDGE('',*,*,#1367,.T.);
#897=ORIENTED_EDGE('',*,*,#1363,.T.);
#898=ORIENTED_EDGE('',*,*,#1235,.F.);
#899=ORIENTED_EDGE('',*,*,#1368,.F.);
#900=ORIENTED_EDGE('',*,*,#1369,.T.);
#901=ORIENTED_EDGE('',*,*,#1366,.T.);
#902=ORIENTED_EDGE('',*,*,#1234,.F.);
#903=ORIENTED_EDGE('',*,*,#1365,.F.);
#904=ORIENTED_EDGE('',*,*,#1370,.T.);
#905=ORIENTED_EDGE('',*,*,#1368,.T.);
#906=ORIENTED_EDGE('',*,*,#1364,.F.);
#907=ORIENTED_EDGE('',*,*,#1367,.F.);
#908=ORIENTED_EDGE('',*,*,#1369,.F.);
#909=ORIENTED_EDGE('',*,*,#1370,.F.);
#910=ORIENTED_EDGE('',*,*,#1237,.F.);
#911=ORIENTED_EDGE('',*,*,#1371,.F.);
#912=ORIENTED_EDGE('',*,*,#1372,.T.);
#913=ORIENTED_EDGE('',*,*,#1373,.T.);
#914=ORIENTED_EDGE('',*,*,#1236,.T.);
#915=ORIENTED_EDGE('',*,*,#1374,.F.);
#916=ORIENTED_EDGE('',*,*,#1375,.F.);
#917=ORIENTED_EDGE('',*,*,#1371,.T.);
#918=ORIENTED_EDGE('',*,*,#1239,.T.);
#919=ORIENTED_EDGE('',*,*,#1376,.F.);
#920=ORIENTED_EDGE('',*,*,#1377,.F.);
#921=ORIENTED_EDGE('',*,*,#1374,.T.);
#922=ORIENTED_EDGE('',*,*,#1238,.F.);
#923=ORIENTED_EDGE('',*,*,#1373,.F.);
#924=ORIENTED_EDGE('',*,*,#1378,.T.);
#925=ORIENTED_EDGE('',*,*,#1376,.T.);
#926=ORIENTED_EDGE('',*,*,#1372,.F.);
#927=ORIENTED_EDGE('',*,*,#1375,.T.);
#928=ORIENTED_EDGE('',*,*,#1377,.T.);
#929=ORIENTED_EDGE('',*,*,#1378,.F.);
#930=ORIENTED_EDGE('',*,*,#1241,.F.);
#931=ORIENTED_EDGE('',*,*,#1379,.F.);
#932=ORIENTED_EDGE('',*,*,#1380,.T.);
#933=ORIENTED_EDGE('',*,*,#1381,.T.);
#934=ORIENTED_EDGE('',*,*,#1240,.T.);
#935=ORIENTED_EDGE('',*,*,#1382,.F.);
#936=ORIENTED_EDGE('',*,*,#1383,.F.);
#937=ORIENTED_EDGE('',*,*,#1379,.T.);
#938=ORIENTED_EDGE('',*,*,#1243,.T.);
#939=ORIENTED_EDGE('',*,*,#1384,.F.);
#940=ORIENTED_EDGE('',*,*,#1385,.F.);
#941=ORIENTED_EDGE('',*,*,#1382,.T.);
#942=ORIENTED_EDGE('',*,*,#1242,.F.);
#943=ORIENTED_EDGE('',*,*,#1381,.F.);
#944=ORIENTED_EDGE('',*,*,#1386,.T.);
#945=ORIENTED_EDGE('',*,*,#1384,.T.);
#946=ORIENTED_EDGE('',*,*,#1380,.F.);
#947=ORIENTED_EDGE('',*,*,#1383,.T.);
#948=ORIENTED_EDGE('',*,*,#1385,.T.);
#949=ORIENTED_EDGE('',*,*,#1386,.F.);
#950=ORIENTED_EDGE('',*,*,#1245,.F.);
#951=ORIENTED_EDGE('',*,*,#1387,.F.);
#952=ORIENTED_EDGE('',*,*,#1388,.T.);
#953=ORIENTED_EDGE('',*,*,#1389,.T.);
#954=ORIENTED_EDGE('',*,*,#1244,.F.);
#955=ORIENTED_EDGE('',*,*,#1390,.F.);
#956=ORIENTED_EDGE('',*,*,#1391,.T.);
#957=ORIENTED_EDGE('',*,*,#1387,.T.);
#958=ORIENTED_EDGE('',*,*,#1247,.F.);
#959=ORIENTED_EDGE('',*,*,#1392,.F.);
#960=ORIENTED_EDGE('',*,*,#1393,.T.);
#961=ORIENTED_EDGE('',*,*,#1390,.T.);
#962=ORIENTED_EDGE('',*,*,#1246,.F.);
#963=ORIENTED_EDGE('',*,*,#1389,.F.);
#964=ORIENTED_EDGE('',*,*,#1394,.T.);
#965=ORIENTED_EDGE('',*,*,#1392,.T.);
#966=ORIENTED_EDGE('',*,*,#1388,.F.);
#967=ORIENTED_EDGE('',*,*,#1391,.F.);
#968=ORIENTED_EDGE('',*,*,#1393,.F.);
#969=ORIENTED_EDGE('',*,*,#1394,.F.);
#970=ORIENTED_EDGE('',*,*,#1249,.F.);
#971=ORIENTED_EDGE('',*,*,#1323,.F.);
#972=ORIENTED_EDGE('',*,*,#1193,.T.);
#973=ORIENTED_EDGE('',*,*,#1395,.T.);
#974=ORIENTED_EDGE('',*,*,#1251,.F.);
#975=ORIENTED_EDGE('',*,*,#1396,.F.);
#976=ORIENTED_EDGE('',*,*,#1226,.T.);
#977=ORIENTED_EDGE('',*,*,#1188,.T.);
#978=ORIENTED_EDGE('',*,*,#1250,.T.);
#979=ORIENTED_EDGE('',*,*,#1395,.F.);
#980=ORIENTED_EDGE('',*,*,#1227,.F.);
#981=ORIENTED_EDGE('',*,*,#1396,.T.);
#982=ORIENTED_EDGE('',*,*,#1284,.F.);
#983=ORIENTED_EDGE('',*,*,#1397,.F.);
#984=ORIENTED_EDGE('',*,*,#1398,.T.);
#985=ORIENTED_EDGE('',*,*,#1399,.T.);
#986=ORIENTED_EDGE('',*,*,#1283,.F.);
#987=ORIENTED_EDGE('',*,*,#1400,.F.);
#988=ORIENTED_EDGE('',*,*,#1401,.T.);
#989=ORIENTED_EDGE('',*,*,#1397,.T.);
#990=ORIENTED_EDGE('',*,*,#1286,.F.);
#991=ORIENTED_EDGE('',*,*,#1402,.F.);
#992=ORIENTED_EDGE('',*,*,#1403,.T.);
#993=ORIENTED_EDGE('',*,*,#1400,.T.);
#994=ORIENTED_EDGE('',*,*,#1285,.F.);
#995=ORIENTED_EDGE('',*,*,#1399,.F.);
#996=ORIENTED_EDGE('',*,*,#1404,.T.);
#997=ORIENTED_EDGE('',*,*,#1402,.T.);
#998=ORIENTED_EDGE('',*,*,#1398,.F.);
#999=ORIENTED_EDGE('',*,*,#1401,.F.);
#1000=ORIENTED_EDGE('',*,*,#1403,.F.);
#1001=ORIENTED_EDGE('',*,*,#1404,.F.);
#1002=ORIENTED_EDGE('',*,*,#1288,.F.);
#1003=ORIENTED_EDGE('',*,*,#1405,.F.);
#1004=ORIENTED_EDGE('',*,*,#1406,.T.);
#1005=ORIENTED_EDGE('',*,*,#1407,.T.);
#1006=ORIENTED_EDGE('',*,*,#1287,.F.);
#1007=ORIENTED_EDGE('',*,*,#1408,.F.);
#1008=ORIENTED_EDGE('',*,*,#1409,.T.);
#1009=ORIENTED_EDGE('',*,*,#1405,.T.);
#1010=ORIENTED_EDGE('',*,*,#1290,.F.);
#1011=ORIENTED_EDGE('',*,*,#1410,.F.);
#1012=ORIENTED_EDGE('',*,*,#1411,.T.);
#1013=ORIENTED_EDGE('',*,*,#1408,.T.);
#1014=ORIENTED_EDGE('',*,*,#1289,.F.);
#1015=ORIENTED_EDGE('',*,*,#1407,.F.);
#1016=ORIENTED_EDGE('',*,*,#1412,.T.);
#1017=ORIENTED_EDGE('',*,*,#1410,.T.);
#1018=ORIENTED_EDGE('',*,*,#1406,.F.);
#1019=ORIENTED_EDGE('',*,*,#1409,.F.);
#1020=ORIENTED_EDGE('',*,*,#1411,.F.);
#1021=ORIENTED_EDGE('',*,*,#1412,.F.);
#1022=ORIENTED_EDGE('',*,*,#1292,.F.);
#1023=ORIENTED_EDGE('',*,*,#1413,.F.);
#1024=ORIENTED_EDGE('',*,*,#1414,.T.);
#1025=ORIENTED_EDGE('',*,*,#1415,.T.);
#1026=ORIENTED_EDGE('',*,*,#1291,.T.);
#1027=ORIENTED_EDGE('',*,*,#1416,.F.);
#1028=ORIENTED_EDGE('',*,*,#1417,.F.);
#1029=ORIENTED_EDGE('',*,*,#1413,.T.);
#1030=ORIENTED_EDGE('',*,*,#1294,.T.);
#1031=ORIENTED_EDGE('',*,*,#1418,.F.);
#1032=ORIENTED_EDGE('',*,*,#1419,.F.);
#1033=ORIENTED_EDGE('',*,*,#1416,.T.);
#1034=ORIENTED_EDGE('',*,*,#1293,.F.);
#1035=ORIENTED_EDGE('',*,*,#1415,.F.);
#1036=ORIENTED_EDGE('',*,*,#1420,.T.);
#1037=ORIENTED_EDGE('',*,*,#1418,.T.);
#1038=ORIENTED_EDGE('',*,*,#1414,.F.);
#1039=ORIENTED_EDGE('',*,*,#1417,.T.);
#1040=ORIENTED_EDGE('',*,*,#1419,.T.);
#1041=ORIENTED_EDGE('',*,*,#1420,.F.);
#1042=ORIENTED_EDGE('',*,*,#1296,.F.);
#1043=ORIENTED_EDGE('',*,*,#1421,.F.);
#1044=ORIENTED_EDGE('',*,*,#1422,.T.);
#1045=ORIENTED_EDGE('',*,*,#1423,.T.);
#1046=ORIENTED_EDGE('',*,*,#1295,.T.);
#1047=ORIENTED_EDGE('',*,*,#1424,.F.);
#1048=ORIENTED_EDGE('',*,*,#1425,.F.);
#1049=ORIENTED_EDGE('',*,*,#1421,.T.);
#1050=ORIENTED_EDGE('',*,*,#1298,.T.);
#1051=ORIENTED_EDGE('',*,*,#1426,.F.);
#1052=ORIENTED_EDGE('',*,*,#1427,.F.);
#1053=ORIENTED_EDGE('',*,*,#1424,.T.);
#1054=ORIENTED_EDGE('',*,*,#1297,.F.);
#1055=ORIENTED_EDGE('',*,*,#1423,.F.);
#1056=ORIENTED_EDGE('',*,*,#1428,.T.);
#1057=ORIENTED_EDGE('',*,*,#1426,.T.);
#1058=ORIENTED_EDGE('',*,*,#1422,.F.);
#1059=ORIENTED_EDGE('',*,*,#1425,.T.);
#1060=ORIENTED_EDGE('',*,*,#1427,.T.);
#1061=ORIENTED_EDGE('',*,*,#1428,.F.);
#1062=ORIENTED_EDGE('',*,*,#1300,.F.);
#1063=ORIENTED_EDGE('',*,*,#1429,.F.);
#1064=ORIENTED_EDGE('',*,*,#1430,.T.);
#1065=ORIENTED_EDGE('',*,*,#1431,.T.);
#1066=ORIENTED_EDGE('',*,*,#1299,.T.);
#1067=ORIENTED_EDGE('',*,*,#1432,.F.);
#1068=ORIENTED_EDGE('',*,*,#1433,.F.);
#1069=ORIENTED_EDGE('',*,*,#1429,.T.);
#1070=ORIENTED_EDGE('',*,*,#1302,.T.);
#1071=ORIENTED_EDGE('',*,*,#1434,.F.);
#1072=ORIENTED_EDGE('',*,*,#1435,.F.);
#1073=ORIENTED_EDGE('',*,*,#1432,.T.);
#1074=ORIENTED_EDGE('',*,*,#1301,.F.);
#1075=ORIENTED_EDGE('',*,*,#1431,.F.);
#1076=ORIENTED_EDGE('',*,*,#1436,.T.);
#1077=ORIENTED_EDGE('',*,*,#1434,.T.);
#1078=ORIENTED_EDGE('',*,*,#1430,.F.);
#1079=ORIENTED_EDGE('',*,*,#1433,.T.);
#1080=ORIENTED_EDGE('',*,*,#1435,.T.);
#1081=ORIENTED_EDGE('',*,*,#1436,.F.);
#1082=ORIENTED_EDGE('',*,*,#1304,.F.);
#1083=ORIENTED_EDGE('',*,*,#1437,.F.);
#1084=ORIENTED_EDGE('',*,*,#1438,.T.);
#1085=ORIENTED_EDGE('',*,*,#1439,.T.);
#1086=ORIENTED_EDGE('',*,*,#1303,.T.);
#1087=ORIENTED_EDGE('',*,*,#1440,.F.);
#1088=ORIENTED_EDGE('',*,*,#1441,.F.);
#1089=ORIENTED_EDGE('',*,*,#1437,.T.);
#1090=ORIENTED_EDGE('',*,*,#1306,.T.);
#1091=ORIENTED_EDGE('',*,*,#1442,.F.);
#1092=ORIENTED_EDGE('',*,*,#1443,.F.);
#1093=ORIENTED_EDGE('',*,*,#1440,.T.);
#1094=ORIENTED_EDGE('',*,*,#1305,.F.);
#1095=ORIENTED_EDGE('',*,*,#1439,.F.);
#1096=ORIENTED_EDGE('',*,*,#1444,.T.);
#1097=ORIENTED_EDGE('',*,*,#1442,.T.);
#1098=ORIENTED_EDGE('',*,*,#1438,.F.);
#1099=ORIENTED_EDGE('',*,*,#1441,.T.);
#1100=ORIENTED_EDGE('',*,*,#1443,.T.);
#1101=ORIENTED_EDGE('',*,*,#1444,.F.);
#1102=ORIENTED_EDGE('',*,*,#1308,.F.);
#1103=ORIENTED_EDGE('',*,*,#1445,.F.);
#1104=ORIENTED_EDGE('',*,*,#1446,.T.);
#1105=ORIENTED_EDGE('',*,*,#1447,.T.);
#1106=ORIENTED_EDGE('',*,*,#1307,.T.);
#1107=ORIENTED_EDGE('',*,*,#1448,.F.);
#1108=ORIENTED_EDGE('',*,*,#1449,.F.);
#1109=ORIENTED_EDGE('',*,*,#1445,.T.);
#1110=ORIENTED_EDGE('',*,*,#1310,.T.);
#1111=ORIENTED_EDGE('',*,*,#1450,.F.);
#1112=ORIENTED_EDGE('',*,*,#1451,.F.);
#1113=ORIENTED_EDGE('',*,*,#1448,.T.);
#1114=ORIENTED_EDGE('',*,*,#1309,.F.);
#1115=ORIENTED_EDGE('',*,*,#1447,.F.);
#1116=ORIENTED_EDGE('',*,*,#1452,.T.);
#1117=ORIENTED_EDGE('',*,*,#1450,.T.);
#1118=ORIENTED_EDGE('',*,*,#1446,.F.);
#1119=ORIENTED_EDGE('',*,*,#1449,.T.);
#1120=ORIENTED_EDGE('',*,*,#1451,.T.);
#1121=ORIENTED_EDGE('',*,*,#1452,.F.);
#1122=ORIENTED_EDGE('',*,*,#1312,.F.);
#1123=ORIENTED_EDGE('',*,*,#1453,.F.);
#1124=ORIENTED_EDGE('',*,*,#1454,.T.);
#1125=ORIENTED_EDGE('',*,*,#1455,.T.);
#1126=ORIENTED_EDGE('',*,*,#1311,.T.);
#1127=ORIENTED_EDGE('',*,*,#1456,.F.);
#1128=ORIENTED_EDGE('',*,*,#1457,.F.);
#1129=ORIENTED_EDGE('',*,*,#1453,.T.);
#1130=ORIENTED_EDGE('',*,*,#1314,.T.);
#1131=ORIENTED_EDGE('',*,*,#1458,.F.);
#1132=ORIENTED_EDGE('',*,*,#1459,.F.);
#1133=ORIENTED_EDGE('',*,*,#1456,.T.);
#1134=ORIENTED_EDGE('',*,*,#1313,.F.);
#1135=ORIENTED_EDGE('',*,*,#1455,.F.);
#1136=ORIENTED_EDGE('',*,*,#1460,.T.);
#1137=ORIENTED_EDGE('',*,*,#1458,.T.);
#1138=ORIENTED_EDGE('',*,*,#1454,.F.);
#1139=ORIENTED_EDGE('',*,*,#1457,.T.);
#1140=ORIENTED_EDGE('',*,*,#1459,.T.);
#1141=ORIENTED_EDGE('',*,*,#1460,.F.);
#1142=ORIENTED_EDGE('',*,*,#1316,.F.);
#1143=ORIENTED_EDGE('',*,*,#1461,.F.);
#1144=ORIENTED_EDGE('',*,*,#1462,.T.);
#1145=ORIENTED_EDGE('',*,*,#1463,.T.);
#1146=ORIENTED_EDGE('',*,*,#1315,.T.);
#1147=ORIENTED_EDGE('',*,*,#1464,.F.);
#1148=ORIENTED_EDGE('',*,*,#1465,.F.);
#1149=ORIENTED_EDGE('',*,*,#1461,.T.);
#1150=ORIENTED_EDGE('',*,*,#1318,.T.);
#1151=ORIENTED_EDGE('',*,*,#1466,.F.);
#1152=ORIENTED_EDGE('',*,*,#1467,.F.);
#1153=ORIENTED_EDGE('',*,*,#1464,.T.);
#1154=ORIENTED_EDGE('',*,*,#1317,.F.);
#1155=ORIENTED_EDGE('',*,*,#1463,.F.);
#1156=ORIENTED_EDGE('',*,*,#1468,.T.);
#1157=ORIENTED_EDGE('',*,*,#1466,.T.);
#1158=ORIENTED_EDGE('',*,*,#1462,.F.);
#1159=ORIENTED_EDGE('',*,*,#1465,.T.);
#1160=ORIENTED_EDGE('',*,*,#1467,.T.);
#1161=ORIENTED_EDGE('',*,*,#1468,.F.);
#1162=ORIENTED_EDGE('',*,*,#1320,.F.);
#1163=ORIENTED_EDGE('',*,*,#1469,.F.);
#1164=ORIENTED_EDGE('',*,*,#1470,.T.);
#1165=ORIENTED_EDGE('',*,*,#1471,.T.);
#1166=ORIENTED_EDGE('',*,*,#1319,.F.);
#1167=ORIENTED_EDGE('',*,*,#1472,.F.);
#1168=ORIENTED_EDGE('',*,*,#1473,.T.);
#1169=ORIENTED_EDGE('',*,*,#1469,.T.);
#1170=ORIENTED_EDGE('',*,*,#1322,.F.);
#1171=ORIENTED_EDGE('',*,*,#1474,.F.);
#1172=ORIENTED_EDGE('',*,*,#1475,.T.);
#1173=ORIENTED_EDGE('',*,*,#1472,.T.);
#1174=ORIENTED_EDGE('',*,*,#1321,.F.);
#1175=ORIENTED_EDGE('',*,*,#1471,.F.);
#1176=ORIENTED_EDGE('',*,*,#1476,.T.);
#1177=ORIENTED_EDGE('',*,*,#1474,.T.);
#1178=ORIENTED_EDGE('',*,*,#1470,.F.);
#1179=ORIENTED_EDGE('',*,*,#1473,.F.);
#1180=ORIENTED_EDGE('',*,*,#1475,.F.);
#1181=ORIENTED_EDGE('',*,*,#1476,.F.);
#1182=ORIENTED_EDGE('',*,*,#1477,.T.);
#1183=ORIENTED_EDGE('',*,*,#1192,.T.);
#1184=ORIENTED_EDGE('',*,*,#1477,.F.);
#1185=ORIENTED_EDGE('',*,*,#1187,.T.);
#1186=EDGE_CURVE('',#1478,#1478,#1674,.T.);
#1187=EDGE_CURVE('',#1479,#1479,#1675,.F.);
#1188=EDGE_CURVE('',#1480,#1481,#13,.T.);
#1189=EDGE_CURVE('',#1482,#1480,#14,.T.);
#1190=EDGE_CURVE('',#1482,#1483,#15,.T.);
#1191=EDGE_CURVE('',#1483,#1481,#16,.T.);
#1192=EDGE_CURVE('',#1484,#1484,#1676,.F.);
#1193=EDGE_CURVE('',#1485,#1486,#17,.T.);
#1194=EDGE_CURVE('',#1485,#1487,#18,.T.);
#1195=EDGE_CURVE('',#1487,#1488,#19,.T.);
#1196=EDGE_CURVE('',#1488,#1489,#20,.T.);
#1197=EDGE_CURVE('',#1489,#1490,#1677,.T.);
#1198=EDGE_CURVE('',#1490,#1491,#21,.T.);
#1199=EDGE_CURVE('',#1491,#1492,#1678,.T.);
#1200=EDGE_CURVE('',#1492,#1493,#1679,.T.);
#1201=EDGE_CURVE('',#1493,#1494,#1680,.T.);
#1202=EDGE_CURVE('',#1494,#1495,#1681,.T.);
#1203=EDGE_CURVE('',#1495,#1496,#22,.T.);
#1204=EDGE_CURVE('',#1496,#1497,#1682,.T.);
#1205=EDGE_CURVE('',#1497,#1498,#1683,.T.);
#1206=EDGE_CURVE('',#1498,#1499,#1684,.T.);
#1207=EDGE_CURVE('',#1499,#1500,#1685,.T.);
#1208=EDGE_CURVE('',#1500,#1501,#23,.T.);
#1209=EDGE_CURVE('',#1501,#1502,#1686,.T.);
#1210=EDGE_CURVE('',#1502,#1503,#24,.T.);
#1211=EDGE_CURVE('',#1503,#1504,#1687,.T.);
#1212=EDGE_CURVE('',#1504,#1505,#25,.T.);
#1213=EDGE_CURVE('',#1505,#1506,#1688,.T.);
#1214=EDGE_CURVE('',#1506,#1507,#1689,.T.);
#1215=EDGE_CURVE('',#1507,#1508,#1690,.T.);
#1216=EDGE_CURVE('',#1508,#1509,#1691,.T.);
#1217=EDGE_CURVE('',#1509,#1510,#26,.T.);
#1218=EDGE_CURVE('',#1510,#1511,#1692,.T.);
#1219=EDGE_CURVE('',#1511,#1512,#1693,.T.);
#1220=EDGE_CURVE('',#1512,#1513,#1694,.T.);
#1221=EDGE_CURVE('',#1513,#1514,#1695,.T.);
#1222=EDGE_CURVE('',#1514,#1515,#27,.T.);
#1223=EDGE_CURVE('',#1515,#1516,#1696,.T.);
#1224=EDGE_CURVE('',#1516,#1517,#28,.T.);
#1225=EDGE_CURVE('',#1517,#1482,#29,.T.);
#1226=EDGE_CURVE('',#1518,#1480,#30,.T.);
#1227=EDGE_CURVE('',#1518,#1486,#31,.T.);
#1228=EDGE_CURVE('',#1519,#1520,#32,.T.);
#1229=EDGE_CURVE('',#1520,#1521,#33,.T.);
#1230=EDGE_CURVE('',#1521,#1522,#34,.T.);
#1231=EDGE_CURVE('',#1522,#1519,#35,.T.);
#1232=EDGE_CURVE('',#1523,#1524,#36,.T.);
#1233=EDGE_CURVE('',#1524,#1525,#37,.T.);
#1234=EDGE_CURVE('',#1525,#1526,#38,.T.);
#1235=EDGE_CURVE('',#1526,#1523,#39,.T.);
#1236=EDGE_CURVE('',#1527,#1528,#40,.T.);
#1237=EDGE_CURVE('',#1527,#1529,#41,.T.);
#1238=EDGE_CURVE('',#1529,#1530,#42,.T.);
#1239=EDGE_CURVE('',#1528,#1530,#43,.T.);
#1240=EDGE_CURVE('',#1531,#1532,#44,.T.);
#1241=EDGE_CURVE('',#1531,#1533,#45,.T.);
#1242=EDGE_CURVE('',#1533,#1534,#46,.T.);
#1243=EDGE_CURVE('',#1532,#1534,#47,.T.);
#1244=EDGE_CURVE('',#1535,#1536,#48,.T.);
#1245=EDGE_CURVE('',#1536,#1537,#49,.T.);
#1246=EDGE_CURVE('',#1537,#1538,#50,.T.);
#1247=EDGE_CURVE('',#1538,#1535,#51,.T.);
#1248=EDGE_CURVE('',#1539,#1540,#52,.T.);
#1249=EDGE_CURVE('',#1539,#1541,#53,.T.);
#1250=EDGE_CURVE('',#1542,#1541,#54,.T.);
#1251=EDGE_CURVE('',#1542,#1481,#55,.T.);
#1252=EDGE_CURVE('',#1543,#1483,#56,.T.);
#1253=EDGE_CURVE('',#1544,#1543,#57,.T.);
#1254=EDGE_CURVE('',#1545,#1544,#1697,.T.);
#1255=EDGE_CURVE('',#1546,#1545,#58,.T.);
#1256=EDGE_CURVE('',#1547,#1546,#1698,.T.);
#1257=EDGE_CURVE('',#1548,#1547,#1699,.T.);
#1258=EDGE_CURVE('',#1549,#1548,#1700,.T.);
#1259=EDGE_CURVE('',#1550,#1549,#1701,.T.);
#1260=EDGE_CURVE('',#1551,#1550,#59,.T.);
#1261=EDGE_CURVE('',#1552,#1551,#1702,.T.);
#1262=EDGE_CURVE('',#1553,#1552,#1703,.T.);
#1263=EDGE_CURVE('',#1554,#1553,#1704,.T.);
#1264=EDGE_CURVE('',#1555,#1554,#1705,.T.);
#1265=EDGE_CURVE('',#1556,#1555,#60,.T.);
#1266=EDGE_CURVE('',#1557,#1556,#1706,.T.);
#1267=EDGE_CURVE('',#1558,#1557,#61,.T.);
#1268=EDGE_CURVE('',#1559,#1558,#1707,.T.);
#1269=EDGE_CURVE('',#1560,#1559,#62,.T.);
#1270=EDGE_CURVE('',#1561,#1560,#1708,.T.);
#1271=EDGE_CURVE('',#1562,#1561,#1709,.T.);
#1272=EDGE_CURVE('',#1563,#1562,#1710,.T.);
#1273=EDGE_CURVE('',#1564,#1563,#1711,.T.);
#1274=EDGE_CURVE('',#1565,#1564,#63,.T.);
#1275=EDGE_CURVE('',#1566,#1565,#1712,.T.);
#1276=EDGE_CURVE('',#1567,#1566,#1713,.T.);
#1277=EDGE_CURVE('',#1568,#1567,#1714,.T.);
#1278=EDGE_CURVE('',#1569,#1568,#1715,.T.);
#1279=EDGE_CURVE('',#1570,#1569,#64,.T.);
#1280=EDGE_CURVE('',#1571,#1570,#1716,.T.);
#1281=EDGE_CURVE('',#1572,#1571,#65,.T.);
#1282=EDGE_CURVE('',#1540,#1572,#66,.T.);
#1283=EDGE_CURVE('',#1573,#1574,#67,.T.);
#1284=EDGE_CURVE('',#1574,#1575,#68,.T.);
#1285=EDGE_CURVE('',#1575,#1576,#69,.T.);
#1286=EDGE_CURVE('',#1576,#1573,#70,.T.);
#1287=EDGE_CURVE('',#1577,#1578,#71,.T.);
#1288=EDGE_CURVE('',#1578,#1579,#72,.T.);
#1289=EDGE_CURVE('',#1579,#1580,#73,.T.);
#1290=EDGE_CURVE('',#1580,#1577,#74,.T.);
#1291=EDGE_CURVE('',#1581,#1582,#75,.T.);
#1292=EDGE_CURVE('',#1581,#1583,#76,.T.);
#1293=EDGE_CURVE('',#1583,#1584,#77,.T.);
#1294=EDGE_CURVE('',#1582,#1584,#78,.T.);
#1295=EDGE_CURVE('',#1585,#1586,#79,.T.);
#1296=EDGE_CURVE('',#1585,#1587,#80,.T.);
#1297=EDGE_CURVE('',#1587,#1588,#81,.T.);
#1298=EDGE_CURVE('',#1586,#1588,#82,.T.);
#1299=EDGE_CURVE('',#1589,#1590,#83,.T.);
#1300=EDGE_CURVE('',#1589,#1591,#84,.T.);
#1301=EDGE_CURVE('',#1591,#1592,#85,.T.);
#1302=EDGE_CURVE('',#1590,#1592,#86,.T.);
#1303=EDGE_CURVE('',#1593,#1594,#87,.T.);
#1304=EDGE_CURVE('',#1593,#1595,#88,.T.);
#1305=EDGE_CURVE('',#1595,#1596,#89,.T.);
#1306=EDGE_CURVE('',#1594,#1596,#90,.T.);
#1307=EDGE_CURVE('',#1597,#1598,#91,.T.);
#1308=EDGE_CURVE('',#1597,#1599,#92,.T.);
#1309=EDGE_CURVE('',#1599,#1600,#93,.T.);
#1310=EDGE_CURVE('',#1598,#1600,#94,.T.);
#1311=EDGE_CURVE('',#1601,#1602,#95,.T.);
#1312=EDGE_CURVE('',#1601,#1603,#96,.T.);
#1313=EDGE_CURVE('',#1603,#1604,#97,.T.);
#1314=EDGE_CURVE('',#1602,#1604,#98,.T.);
#1315=EDGE_CURVE('',#1605,#1606,#99,.T.);
#1316=EDGE_CURVE('',#1605,#1607,#100,.T.);
#1317=EDGE_CURVE('',#1607,#1608,#101,.T.);
#1318=EDGE_CURVE('',#1606,#1608,#102,.T.);
#1319=EDGE_CURVE('',#1609,#1610,#103,.T.);
#1320=EDGE_CURVE('',#1610,#1611,#104,.T.);
#1321=EDGE_CURVE('',#1611,#1612,#105,.T.);
#1322=EDGE_CURVE('',#1612,#1609,#106,.T.);
#1323=EDGE_CURVE('',#1485,#1539,#107,.T.);
#1324=EDGE_CURVE('',#1487,#1540,#108,.T.);
#1325=EDGE_CURVE('',#1488,#1572,#109,.T.);
#1326=EDGE_CURVE('',#1489,#1571,#110,.T.);
#1327=EDGE_CURVE('',#1490,#1570,#111,.T.);
#1328=EDGE_CURVE('',#1491,#1569,#112,.T.);
#1329=EDGE_CURVE('',#1492,#1568,#113,.T.);
#1330=EDGE_CURVE('',#1493,#1567,#114,.T.);
#1331=EDGE_CURVE('',#1494,#1566,#115,.T.);
#1332=EDGE_CURVE('',#1495,#1565,#116,.T.);
#1333=EDGE_CURVE('',#1496,#1564,#117,.T.);
#1334=EDGE_CURVE('',#1497,#1563,#118,.T.);
#1335=EDGE_CURVE('',#1498,#1562,#119,.T.);
#1336=EDGE_CURVE('',#1499,#1561,#120,.T.);
#1337=EDGE_CURVE('',#1500,#1560,#121,.T.);
#1338=EDGE_CURVE('',#1501,#1559,#122,.T.);
#1339=EDGE_CURVE('',#1502,#1558,#123,.T.);
#1340=EDGE_CURVE('',#1503,#1557,#124,.T.);
#1341=EDGE_CURVE('',#1504,#1556,#125,.T.);
#1342=EDGE_CURVE('',#1505,#1555,#126,.T.);
#1343=EDGE_CURVE('',#1506,#1554,#127,.T.);
#1344=EDGE_CURVE('',#1507,#1553,#128,.T.);
#1345=EDGE_CURVE('',#1508,#1552,#129,.T.);
#1346=EDGE_CURVE('',#1509,#1551,#130,.T.);
#1347=EDGE_CURVE('',#1510,#1550,#131,.T.);
#1348=EDGE_CURVE('',#1511,#1549,#132,.T.);
#1349=EDGE_CURVE('',#1512,#1548,#133,.T.);
#1350=EDGE_CURVE('',#1513,#1547,#134,.T.);
#1351=EDGE_CURVE('',#1514,#1546,#135,.T.);
#1352=EDGE_CURVE('',#1515,#1545,#136,.T.);
#1353=EDGE_CURVE('',#1516,#1544,#137,.T.);
#1354=EDGE_CURVE('',#1517,#1543,#138,.T.);
#1355=EDGE_CURVE('',#1613,#1520,#139,.T.);
#1356=EDGE_CURVE('',#1613,#1614,#140,.T.);
#1357=EDGE_CURVE('',#1614,#1521,#141,.T.);
#1358=EDGE_CURVE('',#1615,#1519,#142,.T.);
#1359=EDGE_CURVE('',#1615,#1613,#143,.T.);
#1360=EDGE_CURVE('',#1616,#1522,#144,.T.);
#1361=EDGE_CURVE('',#1616,#1615,#145,.T.);
#1362=EDGE_CURVE('',#1614,#1616,#146,.T.);
#1363=EDGE_CURVE('',#1617,#1524,#147,.T.);
#1364=EDGE_CURVE('',#1617,#1618,#148,.T.);
#1365=EDGE_CURVE('',#1618,#1525,#149,.T.);
#1366=EDGE_CURVE('',#1619,#1523,#150,.T.);
#1367=EDGE_CURVE('',#1619,#1617,#151,.T.);
#1368=EDGE_CURVE('',#1620,#1526,#152,.T.);
#1369=EDGE_CURVE('',#1620,#1619,#153,.T.);
#1370=EDGE_CURVE('',#1618,#1620,#154,.T.);
#1371=EDGE_CURVE('',#1621,#1527,#155,.T.);
#1372=EDGE_CURVE('',#1621,#1622,#156,.T.);
#1373=EDGE_CURVE('',#1622,#1529,#157,.T.);
#1374=EDGE_CURVE('',#1623,#1528,#158,.T.);
#1375=EDGE_CURVE('',#1621,#1623,#159,.T.);
#1376=EDGE_CURVE('',#1624,#1530,#160,.T.);
#1377=EDGE_CURVE('',#1623,#1624,#161,.T.);
#1378=EDGE_CURVE('',#1622,#1624,#162,.T.);
#1379=EDGE_CURVE('',#1625,#1531,#163,.T.);
#1380=EDGE_CURVE('',#1625,#1626,#164,.T.);
#1381=EDGE_CURVE('',#1626,#1533,#165,.T.);
#1382=EDGE_CURVE('',#1627,#1532,#166,.T.);
#1383=EDGE_CURVE('',#1625,#1627,#167,.T.);
#1384=EDGE_CURVE('',#1628,#1534,#168,.T.);
#1385=EDGE_CURVE('',#1627,#1628,#169,.T.);
#1386=EDGE_CURVE('',#1626,#1628,#170,.T.);
#1387=EDGE_CURVE('',#1629,#1536,#171,.T.);
#1388=EDGE_CURVE('',#1629,#1630,#172,.T.);
#1389=EDGE_CURVE('',#1630,#1537,#173,.T.);
#1390=EDGE_CURVE('',#1631,#1535,#174,.T.);
#1391=EDGE_CURVE('',#1631,#1629,#175,.T.);
#1392=EDGE_CURVE('',#1632,#1538,#176,.T.);
#1393=EDGE_CURVE('',#1632,#1631,#177,.T.);
#1394=EDGE_CURVE('',#1630,#1632,#178,.T.);
#1395=EDGE_CURVE('',#1486,#1541,#179,.T.);
#1396=EDGE_CURVE('',#1518,#1542,#180,.T.);
#1397=EDGE_CURVE('',#1633,#1574,#181,.T.);
#1398=EDGE_CURVE('',#1633,#1634,#182,.T.);
#1399=EDGE_CURVE('',#1634,#1575,#183,.T.);
#1400=EDGE_CURVE('',#1635,#1573,#184,.T.);
#1401=EDGE_CURVE('',#1635,#1633,#185,.T.);
#1402=EDGE_CURVE('',#1636,#1576,#186,.T.);
#1403=EDGE_CURVE('',#1636,#1635,#187,.T.);
#1404=EDGE_CURVE('',#1634,#1636,#188,.T.);
#1405=EDGE_CURVE('',#1637,#1578,#189,.T.);
#1406=EDGE_CURVE('',#1637,#1638,#190,.T.);
#1407=EDGE_CURVE('',#1638,#1579,#191,.T.);
#1408=EDGE_CURVE('',#1639,#1577,#192,.T.);
#1409=EDGE_CURVE('',#1639,#1637,#193,.T.);
#1410=EDGE_CURVE('',#1640,#1580,#194,.T.);
#1411=EDGE_CURVE('',#1640,#1639,#195,.T.);
#1412=EDGE_CURVE('',#1638,#1640,#196,.T.);
#1413=EDGE_CURVE('',#1641,#1581,#197,.T.);
#1414=EDGE_CURVE('',#1641,#1642,#198,.T.);
#1415=EDGE_CURVE('',#1642,#1583,#199,.T.);
#1416=EDGE_CURVE('',#1643,#1582,#200,.T.);
#1417=EDGE_CURVE('',#1641,#1643,#201,.T.);
#1418=EDGE_CURVE('',#1644,#1584,#202,.T.);
#1419=EDGE_CURVE('',#1643,#1644,#203,.T.);
#1420=EDGE_CURVE('',#1642,#1644,#204,.T.);
#1421=EDGE_CURVE('',#1645,#1585,#205,.T.);
#1422=EDGE_CURVE('',#1645,#1646,#206,.T.);
#1423=EDGE_CURVE('',#1646,#1587,#207,.T.);
#1424=EDGE_CURVE('',#1647,#1586,#208,.T.);
#1425=EDGE_CURVE('',#1645,#1647,#209,.T.);
#1426=EDGE_CURVE('',#1648,#1588,#210,.T.);
#1427=EDGE_CURVE('',#1647,#1648,#211,.T.);
#1428=EDGE_CURVE('',#1646,#1648,#212,.T.);
#1429=EDGE_CURVE('',#1649,#1589,#213,.T.);
#1430=EDGE_CURVE('',#1649,#1650,#214,.T.);
#1431=EDGE_CURVE('',#1650,#1591,#215,.T.);
#1432=EDGE_CURVE('',#1651,#1590,#216,.T.);
#1433=EDGE_CURVE('',#1649,#1651,#217,.T.);
#1434=EDGE_CURVE('',#1652,#1592,#218,.T.);
#1435=EDGE_CURVE('',#1651,#1652,#219,.T.);
#1436=EDGE_CURVE('',#1650,#1652,#220,.T.);
#1437=EDGE_CURVE('',#1653,#1593,#221,.T.);
#1438=EDGE_CURVE('',#1653,#1654,#222,.T.);
#1439=EDGE_CURVE('',#1654,#1595,#223,.T.);
#1440=EDGE_CURVE('',#1655,#1594,#224,.T.);
#1441=EDGE_CURVE('',#1653,#1655,#225,.T.);
#1442=EDGE_CURVE('',#1656,#1596,#226,.T.);
#1443=EDGE_CURVE('',#1655,#1656,#227,.T.);
#1444=EDGE_CURVE('',#1654,#1656,#228,.T.);
#1445=EDGE_CURVE('',#1657,#1597,#229,.T.);
#1446=EDGE_CURVE('',#1657,#1658,#230,.T.);
#1447=EDGE_CURVE('',#1658,#1599,#231,.T.);
#1448=EDGE_CURVE('',#1659,#1598,#232,.T.);
#1449=EDGE_CURVE('',#1657,#1659,#233,.T.);
#1450=EDGE_CURVE('',#1660,#1600,#234,.T.);
#1451=EDGE_CURVE('',#1659,#1660,#235,.T.);
#1452=EDGE_CURVE('',#1658,#1660,#236,.T.);
#1453=EDGE_CURVE('',#1661,#1601,#237,.T.);
#1454=EDGE_CURVE('',#1661,#1662,#238,.T.);
#1455=EDGE_CURVE('',#1662,#1603,#239,.T.);
#1456=EDGE_CURVE('',#1663,#1602,#240,.T.);
#1457=EDGE_CURVE('',#1661,#1663,#241,.T.);
#1458=EDGE_CURVE('',#1664,#1604,#242,.T.);
#1459=EDGE_CURVE('',#1663,#1664,#243,.T.);
#1460=EDGE_CURVE('',#1662,#1664,#244,.T.);
#1461=EDGE_CURVE('',#1665,#1605,#245,.T.);
#1462=EDGE_CURVE('',#1665,#1666,#246,.T.);
#1463=EDGE_CURVE('',#1666,#1607,#247,.T.);
#1464=EDGE_CURVE('',#1667,#1606,#248,.T.);
#1465=EDGE_CURVE('',#1665,#1667,#249,.T.);
#1466=EDGE_CURVE('',#1668,#1608,#250,.T.);
#1467=EDGE_CURVE('',#1667,#1668,#251,.T.);
#1468=EDGE_CURVE('',#1666,#1668,#252,.T.);
#1469=EDGE_CURVE('',#1669,#1610,#253,.T.);
#1470=EDGE_CURVE('',#1669,#1670,#254,.T.);
#1471=EDGE_CURVE('',#1670,#1611,#255,.T.);
#1472=EDGE_CURVE('',#1671,#1609,#256,.T.);
#1473=EDGE_CURVE('',#1671,#1669,#257,.T.);
#1474=EDGE_CURVE('',#1672,#1612,#258,.T.);
#1475=EDGE_CURVE('',#1672,#1671,#259,.T.);
#1476=EDGE_CURVE('',#1670,#1672,#260,.T.);
#1477=EDGE_CURVE('',#1673,#1673,#1717,.T.);
#1478=VERTEX_POINT('',#2874);
#1479=VERTEX_POINT('',#2876);
#1480=VERTEX_POINT('',#2879);
#1481=VERTEX_POINT('',#2880);
#1482=VERTEX_POINT('',#2882);
#1483=VERTEX_POINT('',#2884);
#1484=VERTEX_POINT('',#2888);
#1485=VERTEX_POINT('',#2890);
#1486=VERTEX_POINT('',#2891);
#1487=VERTEX_POINT('',#2893);
#1488=VERTEX_POINT('',#2895);
#1489=VERTEX_POINT('',#2897);
#1490=VERTEX_POINT('',#2899);
#1491=VERTEX_POINT('',#2901);
#1492=VERTEX_POINT('',#2903);
#1493=VERTEX_POINT('',#2905);
#1494=VERTEX_POINT('',#2907);
#1495=VERTEX_POINT('',#2909);
#1496=VERTEX_POINT('',#2911);
#1497=VERTEX_POINT('',#2913);
#1498=VERTEX_POINT('',#2915);
#1499=VERTEX_POINT('',#2917);
#1500=VERTEX_POINT('',#2919);
#1501=VERTEX_POINT('',#2921);
#1502=VERTEX_POINT('',#2923);
#1503=VERTEX_POINT('',#2925);
#1504=VERTEX_POINT('',#2927);
#1505=VERTEX_POINT('',#2929);
#1506=VERTEX_POINT('',#2931);
#1507=VERTEX_POINT('',#2933);
#1508=VERTEX_POINT('',#2935);
#1509=VERTEX_POINT('',#2937);
#1510=VERTEX_POINT('',#2939);
#1511=VERTEX_POINT('',#2941);
#1512=VERTEX_POINT('',#2943);
#1513=VERTEX_POINT('',#2945);
#1514=VERTEX_POINT('',#2947);
#1515=VERTEX_POINT('',#2949);
#1516=VERTEX_POINT('',#2951);
#1517=VERTEX_POINT('',#2953);
#1518=VERTEX_POINT('',#2956);
#1519=VERTEX_POINT('',#2960);
#1520=VERTEX_POINT('',#2961);
#1521=VERTEX_POINT('',#2963);
#1522=VERTEX_POINT('',#2965);
#1523=VERTEX_POINT('',#2968);
#1524=VERTEX_POINT('',#2969);
#1525=VERTEX_POINT('',#2971);
#1526=VERTEX_POINT('',#2973);
#1527=VERTEX_POINT('',#2976);
#1528=VERTEX_POINT('',#2977);
#1529=VERTEX_POINT('',#2979);
#1530=VERTEX_POINT('',#2981);
#1531=VERTEX_POINT('',#2984);
#1532=VERTEX_POINT('',#2985);
#1533=VERTEX_POINT('',#2987);
#1534=VERTEX_POINT('',#2989);
#1535=VERTEX_POINT('',#2992);
#1536=VERTEX_POINT('',#2993);
#1537=VERTEX_POINT('',#2995);
#1538=VERTEX_POINT('',#2997);
#1539=VERTEX_POINT('',#3000);
#1540=VERTEX_POINT('',#3001);
#1541=VERTEX_POINT('',#3003);
#1542=VERTEX_POINT('',#3005);
#1543=VERTEX_POINT('',#3008);
#1544=VERTEX_POINT('',#3010);
#1545=VERTEX_POINT('',#3012);
#1546=VERTEX_POINT('',#3014);
#1547=VERTEX_POINT('',#3016);
#1548=VERTEX_POINT('',#3018);
#1549=VERTEX_POINT('',#3020);
#1550=VERTEX_POINT('',#3022);
#1551=VERTEX_POINT('',#3024);
#1552=VERTEX_POINT('',#3026);
#1553=VERTEX_POINT('',#3028);
#1554=VERTEX_POINT('',#3030);
#1555=VERTEX_POINT('',#3032);
#1556=VERTEX_POINT('',#3034);
#1557=VERTEX_POINT('',#3036);
#1558=VERTEX_POINT('',#3038);
#1559=VERTEX_POINT('',#3040);
#1560=VERTEX_POINT('',#3042);
#1561=VERTEX_POINT('',#3044);
#1562=VERTEX_POINT('',#3046);
#1563=VERTEX_POINT('',#3048);
#1564=VERTEX_POINT('',#3050);
#1565=VERTEX_POINT('',#3052);
#1566=VERTEX_POINT('',#3054);
#1567=VERTEX_POINT('',#3056);
#1568=VERTEX_POINT('',#3058);
#1569=VERTEX_POINT('',#3060);
#1570=VERTEX_POINT('',#3062);
#1571=VERTEX_POINT('',#3064);
#1572=VERTEX_POINT('',#3066);
#1573=VERTEX_POINT('',#3069);
#1574=VERTEX_POINT('',#3070);
#1575=VERTEX_POINT('',#3072);
#1576=VERTEX_POINT('',#3074);
#1577=VERTEX_POINT('',#3077);
#1578=VERTEX_POINT('',#3078);
#1579=VERTEX_POINT('',#3080);
#1580=VERTEX_POINT('',#3082);
#1581=VERTEX_POINT('',#3085);
#1582=VERTEX_POINT('',#3086);
#1583=VERTEX_POINT('',#3088);
#1584=VERTEX_POINT('',#3090);
#1585=VERTEX_POINT('',#3093);
#1586=VERTEX_POINT('',#3094);
#1587=VERTEX_POINT('',#3096);
#1588=VERTEX_POINT('',#3098);
#1589=VERTEX_POINT('',#3101);
#1590=VERTEX_POINT('',#3102);
#1591=VERTEX_POINT('',#3104);
#1592=VERTEX_POINT('',#3106);
#1593=VERTEX_POINT('',#3109);
#1594=VERTEX_POINT('',#3110);
#1595=VERTEX_POINT('',#3112);
#1596=VERTEX_POINT('',#3114);
#1597=VERTEX_POINT('',#3117);
#1598=VERTEX_POINT('',#3118);
#1599=VERTEX_POINT('',#3120);
#1600=VERTEX_POINT('',#3122);
#1601=VERTEX_POINT('',#3125);
#1602=VERTEX_POINT('',#3126);
#1603=VERTEX_POINT('',#3128);
#1604=VERTEX_POINT('',#3130);
#1605=VERTEX_POINT('',#3133);
#1606=VERTEX_POINT('',#3134);
#1607=VERTEX_POINT('',#3136);
#1608=VERTEX_POINT('',#3138);
#1609=VERTEX_POINT('',#3141);
#1610=VERTEX_POINT('',#3142);
#1611=VERTEX_POINT('',#3144);
#1612=VERTEX_POINT('',#3146);
#1613=VERTEX_POINT('',#3214);
#1614=VERTEX_POINT('',#3216);
#1615=VERTEX_POINT('',#3220);
#1616=VERTEX_POINT('',#3224);
#1617=VERTEX_POINT('',#3231);
#1618=VERTEX_POINT('',#3233);
#1619=VERTEX_POINT('',#3237);
#1620=VERTEX_POINT('',#3241);
#1621=VERTEX_POINT('',#3248);
#1622=VERTEX_POINT('',#3250);
#1623=VERTEX_POINT('',#3254);
#1624=VERTEX_POINT('',#3258);
#1625=VERTEX_POINT('',#3265);
#1626=VERTEX_POINT('',#3267);
#1627=VERTEX_POINT('',#3271);
#1628=VERTEX_POINT('',#3275);
#1629=VERTEX_POINT('',#3282);
#1630=VERTEX_POINT('',#3284);
#1631=VERTEX_POINT('',#3288);
#1632=VERTEX_POINT('',#3292);
#1633=VERTEX_POINT('',#3304);
#1634=VERTEX_POINT('',#3306);
#1635=VERTEX_POINT('',#3310);
#1636=VERTEX_POINT('',#3314);
#1637=VERTEX_POINT('',#3321);
#1638=VERTEX_POINT('',#3323);
#1639=VERTEX_POINT('',#3327);
#1640=VERTEX_POINT('',#3331);
#1641=VERTEX_POINT('',#3338);
#1642=VERTEX_POINT('',#3340);
#1643=VERTEX_POINT('',#3344);
#1644=VERTEX_POINT('',#3348);
#1645=VERTEX_POINT('',#3355);
#1646=VERTEX_POINT('',#3357);
#1647=VERTEX_POINT('',#3361);
#1648=VERTEX_POINT('',#3365);
#1649=VERTEX_POINT('',#3372);
#1650=VERTEX_POINT('',#3374);
#1651=VERTEX_POINT('',#3378);
#1652=VERTEX_POINT('',#3382);
#1653=VERTEX_POINT('',#3389);
#1654=VERTEX_POINT('',#3391);
#1655=VERTEX_POINT('',#3395);
#1656=VERTEX_POINT('',#3399);
#1657=VERTEX_POINT('',#3406);
#1658=VERTEX_POINT('',#3408);
#1659=VERTEX_POINT('',#3412);
#1660=VERTEX_POINT('',#3416);
#1661=VERTEX_POINT('',#3423);
#1662=VERTEX_POINT('',#3425);
#1663=VERTEX_POINT('',#3429);
#1664=VERTEX_POINT('',#3433);
#1665=VERTEX_POINT('',#3440);
#1666=VERTEX_POINT('',#3442);
#1667=VERTEX_POINT('',#3446);
#1668=VERTEX_POINT('',#3450);
#1669=VERTEX_POINT('',#3457);
#1670=VERTEX_POINT('',#3459);
#1671=VERTEX_POINT('',#3463);
#1672=VERTEX_POINT('',#3467);
#1673=VERTEX_POINT('',#3474);
#1674=CIRCLE('',#2142,0.00505);
#1675=CIRCLE('',#2143,0.00505);
#1676=CIRCLE('',#2146,0.0065);
#1677=CIRCLE('',#2147,0.000499978226412999);
#1678=CIRCLE('',#2148,0.002500028128154);
#1679=CIRCLE('',#2149,0.000499978454657);
#1680=CIRCLE('',#2150,0.001500025392378);
#1681=CIRCLE('',#2151,0.000499979679962);
#1682=CIRCLE('',#2152,0.000499979679962);
#1683=CIRCLE('',#2153,0.001500025392378);
#1684=CIRCLE('',#2154,0.000499978454657);
#1685=CIRCLE('',#2155,0.002500028128154);
#1686=CIRCLE('',#2156,0.000499978226412999);
#1687=CIRCLE('',#2157,0.000499978226412999);
#1688=CIRCLE('',#2158,0.002500028128154);
#1689=CIRCLE('',#2159,0.000499978454657001);
#1690=CIRCLE('',#2160,0.001500025392378);
#1691=CIRCLE('',#2161,0.000499979679962001);
#1692=CIRCLE('',#2162,0.000499979679962001);
#1693=CIRCLE('',#2163,0.001500025392378);
#1694=CIRCLE('',#2164,0.000499978454657001);
#1695=CIRCLE('',#2165,0.002500028128154);
#1696=CIRCLE('',#2166,0.000499978226412999);
#1697=CIRCLE('',#2168,0.000499978226412999);
#1698=CIRCLE('',#2169,0.002500028128154);
#1699=CIRCLE('',#2170,0.000499978454657001);
#1700=CIRCLE('',#2171,0.001500025392378);
#1701=CIRCLE('',#2172,0.000499979679962001);
#1702=CIRCLE('',#2173,0.000499979679962001);
#1703=CIRCLE('',#2174,0.001500025392378);
#1704=CIRCLE('',#2175,0.000499978454657001);
#1705=CIRCLE('',#2176,0.002500028128154);
#1706=CIRCLE('',#2177,0.000499978226412999);
#1707=CIRCLE('',#2178,0.000499978226412999);
#1708=CIRCLE('',#2179,0.002500028128154);
#1709=CIRCLE('',#2180,0.000499978454657);
#1710=CIRCLE('',#2181,0.001500025392378);
#1711=CIRCLE('',#2182,0.000499979679962);
#1712=CIRCLE('',#2183,0.000499979679962);
#1713=CIRCLE('',#2184,0.001500025392378);
#1714=CIRCLE('',#2185,0.000499978454657);
#1715=CIRCLE('',#2186,0.002500028128154);
#1716=CIRCLE('',#2187,0.000499978226412999);
#1717=CIRCLE('',#2299,0.0065);
#1718=EDGE_LOOP('',(#602));
#1719=EDGE_LOOP('',(#603));
#1720=EDGE_LOOP('',(#604,#605,#606,#607));
#1721=EDGE_LOOP('',(#608));
#1722=EDGE_LOOP('',(#609,#610,#611,#612,#613,#614,#615,#616,#617,#618,#619,
#620,#621,#622,#623,#624,#625,#626,#627,#628,#629,#630,#631,#632,#633,#634,
#635,#636,#637,#638,#639,#640,#641,#642,#643,#644));
#1723=EDGE_LOOP('',(#645));
#1724=EDGE_LOOP('',(#646,#647,#648,#649));
#1725=EDGE_LOOP('',(#650,#651,#652,#653));
#1726=EDGE_LOOP('',(#654,#655,#656,#657));
#1727=EDGE_LOOP('',(#658,#659,#660,#661));
#1728=EDGE_LOOP('',(#662,#663,#664,#665));
#1729=EDGE_LOOP('',(#666,#667,#668,#669,#670,#671,#672,#673,#674,#675,#676,
#677,#678,#679,#680,#681,#682,#683,#684,#685,#686,#687,#688,#689,#690,#691,
#692,#693,#694,#695,#696,#697,#698,#699,#700,#701));
#1730=EDGE_LOOP('',(#702,#703,#704,#705));
#1731=EDGE_LOOP('',(#706,#707,#708,#709));
#1732=EDGE_LOOP('',(#710,#711,#712,#713));
#1733=EDGE_LOOP('',(#714,#715,#716,#717));
#1734=EDGE_LOOP('',(#718,#719,#720,#721));
#1735=EDGE_LOOP('',(#722,#723,#724,#725));
#1736=EDGE_LOOP('',(#726,#727,#728,#729));
#1737=EDGE_LOOP('',(#730,#731,#732,#733));
#1738=EDGE_LOOP('',(#734,#735,#736,#737));
#1739=EDGE_LOOP('',(#738,#739,#740,#741));
#1740=EDGE_LOOP('',(#742,#743,#744,#745));
#1741=EDGE_LOOP('',(#746,#747,#748,#749));
#1742=EDGE_LOOP('',(#750,#751,#752,#753));
#1743=EDGE_LOOP('',(#754,#755,#756,#757));
#1744=EDGE_LOOP('',(#758,#759,#760,#761));
#1745=EDGE_LOOP('',(#762,#763,#764,#765));
#1746=EDGE_LOOP('',(#766,#767,#768,#769));
#1747=EDGE_LOOP('',(#770,#771,#772,#773));
#1748=EDGE_LOOP('',(#774,#775,#776,#777));
#1749=EDGE_LOOP('',(#778,#779,#780,#781));
#1750=EDGE_LOOP('',(#782,#783,#784,#785));
#1751=EDGE_LOOP('',(#786,#787,#788,#789));
#1752=EDGE_LOOP('',(#790,#791,#792,#793));
#1753=EDGE_LOOP('',(#794,#795,#796,#797));
#1754=EDGE_LOOP('',(#798,#799,#800,#801));
#1755=EDGE_LOOP('',(#802,#803,#804,#805));
#1756=EDGE_LOOP('',(#806,#807,#808,#809));
#1757=EDGE_LOOP('',(#810,#811,#812,#813));
#1758=EDGE_LOOP('',(#814,#815,#816,#817));
#1759=EDGE_LOOP('',(#818,#819,#820,#821));
#1760=EDGE_LOOP('',(#822,#823,#824,#825));
#1761=EDGE_LOOP('',(#826,#827,#828,#829));
#1762=EDGE_LOOP('',(#830,#831,#832,#833));
#1763=EDGE_LOOP('',(#834,#835,#836,#837));
#1764=EDGE_LOOP('',(#838,#839,#840,#841));
#1765=EDGE_LOOP('',(#842,#843,#844,#845));
#1766=EDGE_LOOP('',(#846,#847,#848,#849));
#1767=EDGE_LOOP('',(#850,#851,#852,#853));
#1768=EDGE_LOOP('',(#854,#855,#856,#857));
#1769=EDGE_LOOP('',(#858,#859,#860,#861));
#1770=EDGE_LOOP('',(#862,#863,#864,#865));
#1771=EDGE_LOOP('',(#866,#867,#868,#869));
#1772=EDGE_LOOP('',(#870,#871,#872,#873));
#1773=EDGE_LOOP('',(#874,#875,#876,#877));
#1774=EDGE_LOOP('',(#878,#879,#880,#881));
#1775=EDGE_LOOP('',(#882,#883,#884,#885));
#1776=EDGE_LOOP('',(#886,#887,#888,#889));
#1777=EDGE_LOOP('',(#890,#891,#892,#893));
#1778=EDGE_LOOP('',(#894,#895,#896,#897));
#1779=EDGE_LOOP('',(#898,#899,#900,#901));
#1780=EDGE_LOOP('',(#902,#903,#904,#905));
#1781=EDGE_LOOP('',(#906,#907,#908,#909));
#1782=EDGE_LOOP('',(#910,#911,#912,#913));
#1783=EDGE_LOOP('',(#914,#915,#916,#917));
#1784=EDGE_LOOP('',(#918,#919,#920,#921));
#1785=EDGE_LOOP('',(#922,#923,#924,#925));
#1786=EDGE_LOOP('',(#926,#927,#928,#929));
#1787=EDGE_LOOP('',(#930,#931,#932,#933));
#1788=EDGE_LOOP('',(#934,#935,#936,#937));
#1789=EDGE_LOOP('',(#938,#939,#940,#941));
#1790=EDGE_LOOP('',(#942,#943,#944,#945));
#1791=EDGE_LOOP('',(#946,#947,#948,#949));
#1792=EDGE_LOOP('',(#950,#951,#952,#953));
#1793=EDGE_LOOP('',(#954,#955,#956,#957));
#1794=EDGE_LOOP('',(#958,#959,#960,#961));
#1795=EDGE_LOOP('',(#962,#963,#964,#965));
#1796=EDGE_LOOP('',(#966,#967,#968,#969));
#1797=EDGE_LOOP('',(#970,#971,#972,#973));
#1798=EDGE_LOOP('',(#974,#975,#976,#977));
#1799=EDGE_LOOP('',(#978,#979,#980,#981));
#1800=EDGE_LOOP('',(#982,#983,#984,#985));
#1801=EDGE_LOOP('',(#986,#987,#988,#989));
#1802=EDGE_LOOP('',(#990,#991,#992,#993));
#1803=EDGE_LOOP('',(#994,#995,#996,#997));
#1804=EDGE_LOOP('',(#998,#999,#1000,#1001));
#1805=EDGE_LOOP('',(#1002,#1003,#1004,#1005));
#1806=EDGE_LOOP('',(#1006,#1007,#1008,#1009));
#1807=EDGE_LOOP('',(#1010,#1011,#1012,#1013));
#1808=EDGE_LOOP('',(#1014,#1015,#1016,#1017));
#1809=EDGE_LOOP('',(#1018,#1019,#1020,#1021));
#1810=EDGE_LOOP('',(#1022,#1023,#1024,#1025));
#1811=EDGE_LOOP('',(#1026,#1027,#1028,#1029));
#1812=EDGE_LOOP('',(#1030,#1031,#1032,#1033));
#1813=EDGE_LOOP('',(#1034,#1035,#1036,#1037));
#1814=EDGE_LOOP('',(#1038,#1039,#1040,#1041));
#1815=EDGE_LOOP('',(#1042,#1043,#1044,#1045));
#1816=EDGE_LOOP('',(#1046,#1047,#1048,#1049));
#1817=EDGE_LOOP('',(#1050,#1051,#1052,#1053));
#1818=EDGE_LOOP('',(#1054,#1055,#1056,#1057));
#1819=EDGE_LOOP('',(#1058,#1059,#1060,#1061));
#1820=EDGE_LOOP('',(#1062,#1063,#1064,#1065));
#1821=EDGE_LOOP('',(#1066,#1067,#1068,#1069));
#1822=EDGE_LOOP('',(#1070,#1071,#1072,#1073));
#1823=EDGE_LOOP('',(#1074,#1075,#1076,#1077));
#1824=EDGE_LOOP('',(#1078,#1079,#1080,#1081));
#1825=EDGE_LOOP('',(#1082,#1083,#1084,#1085));
#1826=EDGE_LOOP('',(#1086,#1087,#1088,#1089));
#1827=EDGE_LOOP('',(#1090,#1091,#1092,#1093));
#1828=EDGE_LOOP('',(#1094,#1095,#1096,#1097));
#1829=EDGE_LOOP('',(#1098,#1099,#1100,#1101));
#1830=EDGE_LOOP('',(#1102,#1103,#1104,#1105));
#1831=EDGE_LOOP('',(#1106,#1107,#1108,#1109));
#1832=EDGE_LOOP('',(#1110,#1111,#1112,#1113));
#1833=EDGE_LOOP('',(#1114,#1115,#1116,#1117));
#1834=EDGE_LOOP('',(#1118,#1119,#1120,#1121));
#1835=EDGE_LOOP('',(#1122,#1123,#1124,#1125));
#1836=EDGE_LOOP('',(#1126,#1127,#1128,#1129));
#1837=EDGE_LOOP('',(#1130,#1131,#1132,#1133));
#1838=EDGE_LOOP('',(#1134,#1135,#1136,#1137));
#1839=EDGE_LOOP('',(#1138,#1139,#1140,#1141));
#1840=EDGE_LOOP('',(#1142,#1143,#1144,#1145));
#1841=EDGE_LOOP('',(#1146,#1147,#1148,#1149));
#1842=EDGE_LOOP('',(#1150,#1151,#1152,#1153));
#1843=EDGE_LOOP('',(#1154,#1155,#1156,#1157));
#1844=EDGE_LOOP('',(#1158,#1159,#1160,#1161));
#1845=EDGE_LOOP('',(#1162,#1163,#1164,#1165));
#1846=EDGE_LOOP('',(#1166,#1167,#1168,#1169));
#1847=EDGE_LOOP('',(#1170,#1171,#1172,#1173));
#1848=EDGE_LOOP('',(#1174,#1175,#1176,#1177));
#1849=EDGE_LOOP('',(#1178,#1179,#1180,#1181));
#1850=EDGE_LOOP('',(#1182));
#1851=EDGE_LOOP('',(#1183));
#1852=EDGE_LOOP('',(#1184));
#1853=EDGE_LOOP('',(#1185));
#1854=FACE_BOUND('',#1718,.T.);
#1855=FACE_BOUND('',#1719,.T.);
#1856=FACE_BOUND('',#1720,.T.);
#1857=FACE_BOUND('',#1721,.T.);
#1858=FACE_BOUND('',#1722,.T.);
#1859=FACE_BOUND('',#1723,.T.);
#1860=FACE_BOUND('',#1724,.T.);
#1861=FACE_BOUND('',#1725,.T.);
#1862=FACE_BOUND('',#1726,.T.);
#1863=FACE_BOUND('',#1727,.T.);
#1864=FACE_BOUND('',#1728,.T.);
#1865=FACE_BOUND('',#1729,.T.);
#1866=FACE_BOUND('',#1730,.T.);
#1867=FACE_BOUND('',#1731,.T.);
#1868=FACE_BOUND('',#1732,.T.);
#1869=FACE_BOUND('',#1733,.T.);
#1870=FACE_BOUND('',#1734,.T.);
#1871=FACE_BOUND('',#1735,.T.);
#1872=FACE_BOUND('',#1736,.T.);
#1873=FACE_BOUND('',#1737,.T.);
#1874=FACE_BOUND('',#1738,.T.);
#1875=FACE_BOUND('',#1739,.T.);
#1876=FACE_BOUND('',#1740,.T.);
#1877=FACE_BOUND('',#1741,.T.);
#1878=FACE_BOUND('',#1742,.T.);
#1879=FACE_BOUND('',#1743,.T.);
#1880=FACE_BOUND('',#1744,.T.);
#1881=FACE_BOUND('',#1745,.T.);
#1882=FACE_BOUND('',#1746,.T.);
#1883=FACE_BOUND('',#1747,.T.);
#1884=FACE_BOUND('',#1748,.T.);
#1885=FACE_BOUND('',#1749,.T.);
#1886=FACE_BOUND('',#1750,.T.);
#1887=FACE_BOUND('',#1751,.T.);
#1888=FACE_BOUND('',#1752,.T.);
#1889=FACE_BOUND('',#1753,.T.);
#1890=FACE_BOUND('',#1754,.T.);
#1891=FACE_BOUND('',#1755,.T.);
#1892=FACE_BOUND('',#1756,.T.);
#1893=FACE_BOUND('',#1757,.T.);
#1894=FACE_BOUND('',#1758,.T.);
#1895=FACE_BOUND('',#1759,.T.);
#1896=FACE_BOUND('',#1760,.T.);
#1897=FACE_BOUND('',#1761,.T.);
#1898=FACE_BOUND('',#1762,.T.);
#1899=FACE_BOUND('',#1763,.T.);
#1900=FACE_BOUND('',#1764,.T.);
#1901=FACE_BOUND('',#1765,.T.);
#1902=FACE_BOUND('',#1766,.T.);
#1903=FACE_BOUND('',#1767,.T.);
#1904=FACE_BOUND('',#1768,.T.);
#1905=FACE_BOUND('',#1769,.T.);
#1906=FACE_BOUND('',#1770,.T.);
#1907=FACE_BOUND('',#1771,.T.);
#1908=FACE_BOUND('',#1772,.T.);
#1909=FACE_BOUND('',#1773,.T.);
#1910=FACE_BOUND('',#1774,.T.);
#1911=FACE_BOUND('',#1775,.T.);
#1912=FACE_BOUND('',#1776,.T.);
#1913=FACE_BOUND('',#1777,.T.);
#1914=FACE_BOUND('',#1778,.T.);
#1915=FACE_BOUND('',#1779,.T.);
#1916=FACE_BOUND('',#1780,.T.);
#1917=FACE_BOUND('',#1781,.T.);
#1918=FACE_BOUND('',#1782,.T.);
#1919=FACE_BOUND('',#1783,.T.);
#1920=FACE_BOUND('',#1784,.T.);
#1921=FACE_BOUND('',#1785,.T.);
#1922=FACE_BOUND('',#1786,.T.);
#1923=FACE_BOUND('',#1787,.T.);
#1924=FACE_BOUND('',#1788,.T.);
#1925=FACE_BOUND('',#1789,.T.);
#1926=FACE_BOUND('',#1790,.T.);
#1927=FACE_BOUND('',#1791,.T.);
#1928=FACE_BOUND('',#1792,.T.);
#1929=FACE_BOUND('',#1793,.T.);
#1930=FACE_BOUND('',#1794,.T.);
#1931=FACE_BOUND('',#1795,.T.);
#1932=FACE_BOUND('',#1796,.T.);
#1933=FACE_BOUND('',#1797,.T.);
#1934=FACE_BOUND('',#1798,.T.);
#1935=FACE_BOUND('',#1799,.T.);
#1936=FACE_BOUND('',#1800,.T.);
#1937=FACE_BOUND('',#1801,.T.);
#1938=FACE_BOUND('',#1802,.T.);
#1939=FACE_BOUND('',#1803,.T.);
#1940=FACE_BOUND('',#1804,.T.);
#1941=FACE_BOUND('',#1805,.T.);
#1942=FACE_BOUND('',#1806,.T.);
#1943=FACE_BOUND('',#1807,.T.);
#1944=FACE_BOUND('',#1808,.T.);
#1945=FACE_BOUND('',#1809,.T.);
#1946=FACE_BOUND('',#1810,.T.);
#1947=FACE_BOUND('',#1811,.T.);
#1948=FACE_BOUND('',#1812,.T.);
#1949=FACE_BOUND('',#1813,.T.);
#1950=FACE_BOUND('',#1814,.T.);
#1951=FACE_BOUND('',#1815,.T.);
#1952=FACE_BOUND('',#1816,.T.);
#1953=FACE_BOUND('',#1817,.T.);
#1954=FACE_BOUND('',#1818,.T.);
#1955=FACE_BOUND('',#1819,.T.);
#1956=FACE_BOUND('',#1820,.T.);
#1957=FACE_BOUND('',#1821,.T.);
#1958=FACE_BOUND('',#1822,.T.);
#1959=FACE_BOUND('',#1823,.T.);
#1960=FACE_BOUND('',#1824,.T.);
#1961=FACE_BOUND('',#1825,.T.);
#1962=FACE_BOUND('',#1826,.T.);
#1963=FACE_BOUND('',#1827,.T.);
#1964=FACE_BOUND('',#1828,.T.);
#1965=FACE_BOUND('',#1829,.T.);
#1966=FACE_BOUND('',#1830,.T.);
#1967=FACE_BOUND('',#1831,.T.);
#1968=FACE_BOUND('',#1832,.T.);
#1969=FACE_BOUND('',#1833,.T.);
#1970=FACE_BOUND('',#1834,.T.);
#1971=FACE_BOUND('',#1835,.T.);
#1972=FACE_BOUND('',#1836,.T.);
#1973=FACE_BOUND('',#1837,.T.);
#1974=FACE_BOUND('',#1838,.T.);
#1975=FACE_BOUND('',#1839,.T.);
#1976=FACE_BOUND('',#1840,.T.);
#1977=FACE_BOUND('',#1841,.T.);
#1978=FACE_BOUND('',#1842,.T.);
#1979=FACE_BOUND('',#1843,.T.);
#1980=FACE_BOUND('',#1844,.T.);
#1981=FACE_BOUND('',#1845,.T.);
#1982=FACE_BOUND('',#1846,.T.);
#1983=FACE_BOUND('',#1847,.T.);
#1984=FACE_BOUND('',#1848,.T.);
#1985=FACE_BOUND('',#1849,.T.);
#1986=FACE_BOUND('',#1850,.T.);
#1987=FACE_BOUND('',#1851,.T.);
#1988=FACE_BOUND('',#1852,.T.);
#1989=FACE_BOUND('',#1853,.T.);
#1990=CYLINDRICAL_SURFACE('',#2141,0.00505);
#1991=CYLINDRICAL_SURFACE('',#2191,0.000499978226412999);
#1992=CYLINDRICAL_SURFACE('',#2193,0.002500028128154);
#1993=CYLINDRICAL_SURFACE('',#2194,0.000499978454657);
#1994=CYLINDRICAL_SURFACE('',#2195,0.001500025392378);
#1995=CYLINDRICAL_SURFACE('',#2196,0.000499979679962);
#1996=CYLINDRICAL_SURFACE('',#2198,0.000499979679962);
#1997=CYLINDRICAL_SURFACE('',#2199,0.001500025392378);
#1998=CYLINDRICAL_SURFACE('',#2200,0.000499978454657);
#1999=CYLINDRICAL_SURFACE('',#2201,0.002500028128154);
#2000=CYLINDRICAL_SURFACE('',#2203,0.000499978226412999);
#2001=CYLINDRICAL_SURFACE('',#2205,0.000499978226412999);
#2002=CYLINDRICAL_SURFACE('',#2207,0.002500028128154);
#2003=CYLINDRICAL_SURFACE('',#2208,0.000499978454657001);
#2004=CYLINDRICAL_SURFACE('',#2209,0.001500025392378);
#2005=CYLINDRICAL_SURFACE('',#2210,0.000499979679962001);
#2006=CYLINDRICAL_SURFACE('',#2212,0.000499979679962001);
#2007=CYLINDRICAL_SURFACE('',#2213,0.001500025392378);
#2008=CYLINDRICAL_SURFACE('',#2214,0.000499978454657001);
#2009=CYLINDRICAL_SURFACE('',#2215,0.002500028128154);
#2010=CYLINDRICAL_SURFACE('',#2217,0.000499978226412999);
#2011=CYLINDRICAL_SURFACE('',#2298,0.0065);
#2012=ADVANCED_FACE('',(#1854,#1855),#1990,.F.);
#2013=ADVANCED_FACE('',(#1856),#509,.F.);
#2014=ADVANCED_FACE('',(#1857,#1858),#510,.F.);
#2015=ADVANCED_FACE('',(#1859,#1860,#1861,#1862,#1863,#1864,#1865,#1866,
#1867,#1868,#1869,#1870,#1871,#1872,#1873,#1874,#1875),#511,.T.);
#2016=ADVANCED_FACE('',(#1876),#512,.F.);
#2017=ADVANCED_FACE('',(#1877),#513,.F.);
#2018=ADVANCED_FACE('',(#1878),#514,.F.);
#2019=ADVANCED_FACE('',(#1879),#1991,.T.);
#2020=ADVANCED_FACE('',(#1880),#515,.F.);
#2021=ADVANCED_FACE('',(#1881),#1992,.F.);
#2022=ADVANCED_FACE('',(#1882),#1993,.T.);
#2023=ADVANCED_FACE('',(#1883),#1994,.F.);
#2024=ADVANCED_FACE('',(#1884),#1995,.T.);
#2025=ADVANCED_FACE('',(#1885),#516,.F.);
#2026=ADVANCED_FACE('',(#1886),#1996,.T.);
#2027=ADVANCED_FACE('',(#1887),#1997,.F.);
#2028=ADVANCED_FACE('',(#1888),#1998,.T.);
#2029=ADVANCED_FACE('',(#1889),#1999,.F.);
#2030=ADVANCED_FACE('',(#1890),#517,.F.);
#2031=ADVANCED_FACE('',(#1891),#2000,.T.);
#2032=ADVANCED_FACE('',(#1892),#518,.F.);
#2033=ADVANCED_FACE('',(#1893),#2001,.T.);
#2034=ADVANCED_FACE('',(#1894),#519,.F.);
#2035=ADVANCED_FACE('',(#1895),#2002,.F.);
#2036=ADVANCED_FACE('',(#1896),#2003,.T.);
#2037=ADVANCED_FACE('',(#1897),#2004,.F.);
#2038=ADVANCED_FACE('',(#1898),#2005,.T.);
#2039=ADVANCED_FACE('',(#1899),#520,.F.);
#2040=ADVANCED_FACE('',(#1900),#2006,.T.);
#2041=ADVANCED_FACE('',(#1901),#2007,.F.);
#2042=ADVANCED_FACE('',(#1902),#2008,.T.);
#2043=ADVANCED_FACE('',(#1903),#2009,.F.);
#2044=ADVANCED_FACE('',(#1904),#521,.F.);
#2045=ADVANCED_FACE('',(#1905),#2010,.T.);
#2046=ADVANCED_FACE('',(#1906),#522,.F.);
#2047=ADVANCED_FACE('',(#1907),#523,.F.);
#2048=ADVANCED_FACE('',(#1908),#524,.T.);
#2049=ADVANCED_FACE('',(#1909),#525,.T.);
#2050=ADVANCED_FACE('',(#1910),#526,.T.);
#2051=ADVANCED_FACE('',(#1911),#527,.T.);
#2052=ADVANCED_FACE('',(#1912),#528,.T.);
#2053=ADVANCED_FACE('',(#1913),#529,.T.);
#2054=ADVANCED_FACE('',(#1914),#530,.T.);
#2055=ADVANCED_FACE('',(#1915),#531,.T.);
#2056=ADVANCED_FACE('',(#1916),#532,.T.);
#2057=ADVANCED_FACE('',(#1917),#533,.T.);
#2058=ADVANCED_FACE('',(#1918),#534,.T.);
#2059=ADVANCED_FACE('',(#1919),#535,.F.);
#2060=ADVANCED_FACE('',(#1920),#536,.F.);
#2061=ADVANCED_FACE('',(#1921),#537,.T.);
#2062=ADVANCED_FACE('',(#1922),#538,.T.);
#2063=ADVANCED_FACE('',(#1923),#539,.T.);
#2064=ADVANCED_FACE('',(#1924),#540,.F.);
#2065=ADVANCED_FACE('',(#1925),#541,.F.);
#2066=ADVANCED_FACE('',(#1926),#542,.T.);
#2067=ADVANCED_FACE('',(#1927),#543,.T.);
#2068=ADVANCED_FACE('',(#1928),#544,.T.);
#2069=ADVANCED_FACE('',(#1929),#545,.T.);
#2070=ADVANCED_FACE('',(#1930),#546,.T.);
#2071=ADVANCED_FACE('',(#1931),#547,.T.);
#2072=ADVANCED_FACE('',(#1932),#548,.T.);
#2073=ADVANCED_FACE('',(#1933),#549,.T.);
#2074=ADVANCED_FACE('',(#1934),#550,.T.);
#2075=ADVANCED_FACE('',(#1935),#551,.F.);
#2076=ADVANCED_FACE('',(#1936),#552,.T.);
#2077=ADVANCED_FACE('',(#1937),#553,.T.);
#2078=ADVANCED_FACE('',(#1938),#554,.T.);
#2079=ADVANCED_FACE('',(#1939),#555,.T.);
#2080=ADVANCED_FACE('',(#1940),#556,.T.);
#2081=ADVANCED_FACE('',(#1941),#557,.T.);
#2082=ADVANCED_FACE('',(#1942),#558,.T.);
#2083=ADVANCED_FACE('',(#1943),#559,.T.);
#2084=ADVANCED_FACE('',(#1944),#560,.T.);
#2085=ADVANCED_FACE('',(#1945),#561,.T.);
#2086=ADVANCED_FACE('',(#1946),#562,.T.);
#2087=ADVANCED_FACE('',(#1947),#563,.F.);
#2088=ADVANCED_FACE('',(#1948),#564,.F.);
#2089=ADVANCED_FACE('',(#1949),#565,.T.);
#2090=ADVANCED_FACE('',(#1950),#566,.T.);
#2091=ADVANCED_FACE('',(#1951),#567,.T.);
#2092=ADVANCED_FACE('',(#1952),#568,.F.);
#2093=ADVANCED_FACE('',(#1953),#569,.F.);
#2094=ADVANCED_FACE('',(#1954),#570,.T.);
#2095=ADVANCED_FACE('',(#1955),#571,.T.);
#2096=ADVANCED_FACE('',(#1956),#572,.T.);
#2097=ADVANCED_FACE('',(#1957),#573,.F.);
#2098=ADVANCED_FACE('',(#1958),#574,.F.);
#2099=ADVANCED_FACE('',(#1959),#575,.T.);
#2100=ADVANCED_FACE('',(#1960),#576,.T.);
#2101=ADVANCED_FACE('',(#1961),#577,.T.);
#2102=ADVANCED_FACE('',(#1962),#578,.F.);
#2103=ADVANCED_FACE('',(#1963),#579,.F.);
#2104=ADVANCED_FACE('',(#1964),#580,.T.);
#2105=ADVANCED_FACE('',(#1965),#581,.T.);
#2106=ADVANCED_FACE('',(#1966),#582,.T.);
#2107=ADVANCED_FACE('',(#1967),#583,.F.);
#2108=ADVANCED_FACE('',(#1968),#584,.F.);
#2109=ADVANCED_FACE('',(#1969),#585,.T.);
#2110=ADVANCED_FACE('',(#1970),#586,.T.);
#2111=ADVANCED_FACE('',(#1971),#587,.T.);
#2112=ADVANCED_FACE('',(#1972),#588,.F.);
#2113=ADVANCED_FACE('',(#1973),#589,.F.);
#2114=ADVANCED_FACE('',(#1974),#590,.T.);
#2115=ADVANCED_FACE('',(#1975),#591,.T.);
#2116=ADVANCED_FACE('',(#1976),#592,.T.);
#2117=ADVANCED_FACE('',(#1977),#593,.F.);
#2118=ADVANCED_FACE('',(#1978),#594,.F.);
#2119=ADVANCED_FACE('',(#1979),#595,.T.);
#2120=ADVANCED_FACE('',(#1980),#596,.T.);
#2121=ADVANCED_FACE('',(#1981),#597,.T.);
#2122=ADVANCED_FACE('',(#1982),#598,.T.);
#2123=ADVANCED_FACE('',(#1983),#599,.T.);
#2124=ADVANCED_FACE('',(#1984),#600,.T.);
#2125=ADVANCED_FACE('',(#1985),#601,.T.);
#2126=ADVANCED_FACE('',(#1986,#1987),#2011,.F.);
#2127=ADVANCED_FACE('',(#1988,#1989),#12,.F.);
#2128=CLOSED_SHELL('',(#2012,#2013,#2014,#2015,#2016,#2017,#2018,#2019,
#2020,#2021,#2022,#2023,#2024,#2025,#2026,#2027,#2028,#2029,#2030,#2031,
#2032,#2033,#2034,#2035,#2036,#2037,#2038,#2039,#2040,#2041,#2042,#2043,
#2044,#2045,#2046,#2047,#2048,#2049,#2050,#2051,#2052,#2053,#2054,#2055,
#2056,#2057,#2058,#2059,#2060,#2061,#2062,#2063,#2064,#2065,#2066,#2067,
#2068,#2069,#2070,#2071,#2072,#2073,#2074,#2075,#2076,#2077,#2078,#2079,
#2080,#2081,#2082,#2083,#2084,#2085,#2086,#2087,#2088,#2089,#2090,#2091,
#2092,#2093,#2094,#2095,#2096,#2097,#2098,#2099,#2100,#2101,#2102,#2103,
#2104,#2105,#2106,#2107,#2108,#2109,#2110,#2111,#2112,#2113,#2114,#2115,
#2116,#2117,#2118,#2119,#2120,#2121,#2122,#2123,#2124,#2125,#2126,#2127));
#2129=STYLED_ITEM('',(#2130),#2137);
#2130=PRESENTATION_STYLE_ASSIGNMENT((#2131));
#2131=SURFACE_STYLE_USAGE(.BOTH.,#2132);
#2132=SURFACE_SIDE_STYLE('',(#2133));
#2133=SURFACE_STYLE_FILL_AREA(#2134);
#2134=FILL_AREA_STYLE('',(#2135));
#2135=FILL_AREA_STYLE_COLOUR('',#2136);
#2136=COLOUR_RGB('',0.917647058823529,0.917647058823529,0.917647058823529);
#2137=MANIFOLD_SOLID_BREP('Middle',#2128);
#2138=SHAPE_DEFINITION_REPRESENTATION(#3482,#2139);
#2139=SHAPE_REPRESENTATION('Middle',(#2140),#3477);
#2140=AXIS2_PLACEMENT_3D('',#2871,#2301,#2302);
#2141=AXIS2_PLACEMENT_3D('',#2872,#2303,#2304);
#2142=AXIS2_PLACEMENT_3D('',#2873,#2305,#2306);
#2143=AXIS2_PLACEMENT_3D('',#2875,#2307,#2308);
#2144=AXIS2_PLACEMENT_3D('',#2877,#2309,#2310);
#2145=AXIS2_PLACEMENT_3D('',#2886,#2315,#2316);
#2146=AXIS2_PLACEMENT_3D('',#2887,#2317,#2318);
#2147=AXIS2_PLACEMENT_3D('',#2898,#2323,#2324);
#2148=AXIS2_PLACEMENT_3D('',#2902,#2326,#2327);
#2149=AXIS2_PLACEMENT_3D('',#2904,#2328,#2329);
#2150=AXIS2_PLACEMENT_3D('',#2906,#2330,#2331);
#2151=AXIS2_PLACEMENT_3D('',#2908,#2332,#2333);
#2152=AXIS2_PLACEMENT_3D('',#2912,#2335,#2336);
#2153=AXIS2_PLACEMENT_3D('',#2914,#2337,#2338);
#2154=AXIS2_PLACEMENT_3D('',#2916,#2339,#2340);
#2155=AXIS2_PLACEMENT_3D('',#2918,#2341,#2342);
#2156=AXIS2_PLACEMENT_3D('',#2922,#2344,#2345);
#2157=AXIS2_PLACEMENT_3D('',#2926,#2347,#2348);
#2158=AXIS2_PLACEMENT_3D('',#2930,#2350,#2351);
#2159=AXIS2_PLACEMENT_3D('',#2932,#2352,#2353);
#2160=AXIS2_PLACEMENT_3D('',#2934,#2354,#2355);
#2161=AXIS2_PLACEMENT_3D('',#2936,#2356,#2357);
#2162=AXIS2_PLACEMENT_3D('',#2940,#2359,#2360);
#2163=AXIS2_PLACEMENT_3D('',#2942,#2361,#2362);
#2164=AXIS2_PLACEMENT_3D('',#2944,#2363,#2364);
#2165=AXIS2_PLACEMENT_3D('',#2946,#2365,#2366);
#2166=AXIS2_PLACEMENT_3D('',#2950,#2368,#2369);
#2167=AXIS2_PLACEMENT_3D('',#2958,#2374,#2375);
#2168=AXIS2_PLACEMENT_3D('',#3011,#2402,#2403);
#2169=AXIS2_PLACEMENT_3D('',#3015,#2405,#2406);
#2170=AXIS2_PLACEMENT_3D('',#3017,#2407,#2408);
#2171=AXIS2_PLACEMENT_3D('',#3019,#2409,#2410);
#2172=AXIS2_PLACEMENT_3D('',#3021,#2411,#2412);
#2173=AXIS2_PLACEMENT_3D('',#3025,#2414,#2415);
#2174=AXIS2_PLACEMENT_3D('',#3027,#2416,#2417);
#2175=AXIS2_PLACEMENT_3D('',#3029,#2418,#2419);
#2176=AXIS2_PLACEMENT_3D('',#3031,#2420,#2421);
#2177=AXIS2_PLACEMENT_3D('',#3035,#2423,#2424);
#2178=AXIS2_PLACEMENT_3D('',#3039,#2426,#2427);
#2179=AXIS2_PLACEMENT_3D('',#3043,#2429,#2430);
#2180=AXIS2_PLACEMENT_3D('',#3045,#2431,#2432);
#2181=AXIS2_PLACEMENT_3D('',#3047,#2433,#2434);
#2182=AXIS2_PLACEMENT_3D('',#3049,#2435,#2436);
#2183=AXIS2_PLACEMENT_3D('',#3053,#2438,#2439);
#2184=AXIS2_PLACEMENT_3D('',#3055,#2440,#2441);
#2185=AXIS2_PLACEMENT_3D('',#3057,#2442,#2443);
#2186=AXIS2_PLACEMENT_3D('',#3059,#2444,#2445);
#2187=AXIS2_PLACEMENT_3D('',#3063,#2447,#2448);
#2188=AXIS2_PLACEMENT_3D('',#3148,#2491,#2492);
#2189=AXIS2_PLACEMENT_3D('',#3151,#2495,#2496);
#2190=AXIS2_PLACEMENT_3D('',#3153,#2498,#2499);
#2191=AXIS2_PLACEMENT_3D('',#3155,#2501,#2502);
#2192=AXIS2_PLACEMENT_3D('',#3157,#2504,#2505);
#2193=AXIS2_PLACEMENT_3D('',#3159,#2507,#2508);
#2194=AXIS2_PLACEMENT_3D('',#3161,#2510,#2511);
#2195=AXIS2_PLACEMENT_3D('',#3163,#2513,#2514);
#2196=AXIS2_PLACEMENT_3D('',#3165,#2516,#2517);
#2197=AXIS2_PLACEMENT_3D('',#3167,#2519,#2520);
#2198=AXIS2_PLACEMENT_3D('',#3169,#2522,#2523);
#2199=AXIS2_PLACEMENT_3D('',#3171,#2525,#2526);
#2200=AXIS2_PLACEMENT_3D('',#3173,#2528,#2529);
#2201=AXIS2_PLACEMENT_3D('',#3175,#2531,#2532);
#2202=AXIS2_PLACEMENT_3D('',#3177,#2534,#2535);
#2203=AXIS2_PLACEMENT_3D('',#3179,#2537,#2538);
#2204=AXIS2_PLACEMENT_3D('',#3181,#2540,#2541);
#2205=AXIS2_PLACEMENT_3D('',#3183,#2543,#2544);
#2206=AXIS2_PLACEMENT_3D('',#3185,#2546,#2547);
#2207=AXIS2_PLACEMENT_3D('',#3187,#2549,#2550);
#2208=AXIS2_PLACEMENT_3D('',#3189,#2552,#2553);
#2209=AXIS2_PLACEMENT_3D('',#3191,#2555,#2556);
#2210=AXIS2_PLACEMENT_3D('',#3193,#2558,#2559);
#2211=AXIS2_PLACEMENT_3D('',#3195,#2561,#2562);
#2212=AXIS2_PLACEMENT_3D('',#3197,#2564,#2565);
#2213=AXIS2_PLACEMENT_3D('',#3199,#2567,#2568);
#2214=AXIS2_PLACEMENT_3D('',#3201,#2570,#2571);
#2215=AXIS2_PLACEMENT_3D('',#3203,#2573,#2574);
#2216=AXIS2_PLACEMENT_3D('',#3205,#2576,#2577);
#2217=AXIS2_PLACEMENT_3D('',#3207,#2579,#2580);
#2218=AXIS2_PLACEMENT_3D('',#3209,#2582,#2583);
#2219=AXIS2_PLACEMENT_3D('',#3211,#2585,#2586);
#2220=AXIS2_PLACEMENT_3D('',#3212,#2587,#2588);
#2221=AXIS2_PLACEMENT_3D('',#3218,#2592,#2593);
#2222=AXIS2_PLACEMENT_3D('',#3222,#2596,#2597);
#2223=AXIS2_PLACEMENT_3D('',#3226,#2600,#2601);
#2224=AXIS2_PLACEMENT_3D('',#3228,#2603,#2604);
#2225=AXIS2_PLACEMENT_3D('',#3229,#2605,#2606);
#2226=AXIS2_PLACEMENT_3D('',#3235,#2610,#2611);
#2227=AXIS2_PLACEMENT_3D('',#3239,#2614,#2615);
#2228=AXIS2_PLACEMENT_3D('',#3243,#2618,#2619);
#2229=AXIS2_PLACEMENT_3D('',#3245,#2621,#2622);
#2230=AXIS2_PLACEMENT_3D('',#3246,#2623,#2624);
#2231=AXIS2_PLACEMENT_3D('',#3252,#2628,#2629);
#2232=AXIS2_PLACEMENT_3D('',#3256,#2632,#2633);
#2233=AXIS2_PLACEMENT_3D('',#3260,#2636,#2637);
#2234=AXIS2_PLACEMENT_3D('',#3262,#2639,#2640);
#2235=AXIS2_PLACEMENT_3D('',#3263,#2641,#2642);
#2236=AXIS2_PLACEMENT_3D('',#3269,#2646,#2647);
#2237=AXIS2_PLACEMENT_3D('',#3273,#2650,#2651);
#2238=AXIS2_PLACEMENT_3D('',#3277,#2654,#2655);
#2239=AXIS2_PLACEMENT_3D('',#3279,#2657,#2658);
#2240=AXIS2_PLACEMENT_3D('',#3280,#2659,#2660);
#2241=AXIS2_PLACEMENT_3D('',#3286,#2664,#2665);
#2242=AXIS2_PLACEMENT_3D('',#3290,#2668,#2669);
#2243=AXIS2_PLACEMENT_3D('',#3294,#2672,#2673);
#2244=AXIS2_PLACEMENT_3D('',#3296,#2675,#2676);
#2245=AXIS2_PLACEMENT_3D('',#3297,#2677,#2678);
#2246=AXIS2_PLACEMENT_3D('',#3299,#2680,#2681);
#2247=AXIS2_PLACEMENT_3D('',#3301,#2683,#2684);
#2248=AXIS2_PLACEMENT_3D('',#3302,#2685,#2686);
#2249=AXIS2_PLACEMENT_3D('',#3308,#2690,#2691);
#2250=AXIS2_PLACEMENT_3D('',#3312,#2694,#2695);
#2251=AXIS2_PLACEMENT_3D('',#3316,#2698,#2699);
#2252=AXIS2_PLACEMENT_3D('',#3318,#2701,#2702);
#2253=AXIS2_PLACEMENT_3D('',#3319,#2703,#2704);
#2254=AXIS2_PLACEMENT_3D('',#3325,#2708,#2709);
#2255=AXIS2_PLACEMENT_3D('',#3329,#2712,#2713);
#2256=AXIS2_PLACEMENT_3D('',#3333,#2716,#2717);
#2257=AXIS2_PLACEMENT_3D('',#3335,#2719,#2720);
#2258=AXIS2_PLACEMENT_3D('',#3336,#2721,#2722);
#2259=AXIS2_PLACEMENT_3D('',#3342,#2726,#2727);
#2260=AXIS2_PLACEMENT_3D('',#3346,#2730,#2731);
#2261=AXIS2_PLACEMENT_3D('',#3350,#2734,#2735);
#2262=AXIS2_PLACEMENT_3D('',#3352,#2737,#2738);
#2263=AXIS2_PLACEMENT_3D('',#3353,#2739,#2740);
#2264=AXIS2_PLACEMENT_3D('',#3359,#2744,#2745);
#2265=AXIS2_PLACEMENT_3D('',#3363,#2748,#2749);
#2266=AXIS2_PLACEMENT_3D('',#3367,#2752,#2753);
#2267=AXIS2_PLACEMENT_3D('',#3369,#2755,#2756);
#2268=AXIS2_PLACEMENT_3D('',#3370,#2757,#2758);
#2269=AXIS2_PLACEMENT_3D('',#3376,#2762,#2763);
#2270=AXIS2_PLACEMENT_3D('',#3380,#2766,#2767);
#2271=AXIS2_PLACEMENT_3D('',#3384,#2770,#2771);
#2272=AXIS2_PLACEMENT_3D('',#3386,#2773,#2774);
#2273=AXIS2_PLACEMENT_3D('',#3387,#2775,#2776);
#2274=AXIS2_PLACEMENT_3D('',#3393,#2780,#2781);
#2275=AXIS2_PLACEMENT_3D('',#3397,#2784,#2785);
#2276=AXIS2_PLACEMENT_3D('',#3401,#2788,#2789);
#2277=AXIS2_PLACEMENT_3D('',#3403,#2791,#2792);
#2278=AXIS2_PLACEMENT_3D('',#3404,#2793,#2794);
#2279=AXIS2_PLACEMENT_3D('',#3410,#2798,#2799);
#2280=AXIS2_PLACEMENT_3D('',#3414,#2802,#2803);
#2281=AXIS2_PLACEMENT_3D('',#3418,#2806,#2807);
#2282=AXIS2_PLACEMENT_3D('',#3420,#2809,#2810);
#2283=AXIS2_PLACEMENT_3D('',#3421,#2811,#2812);
#2284=AXIS2_PLACEMENT_3D('',#3427,#2816,#2817);
#2285=AXIS2_PLACEMENT_3D('',#3431,#2820,#2821);
#2286=AXIS2_PLACEMENT_3D('',#3435,#2824,#2825);
#2287=AXIS2_PLACEMENT_3D('',#3437,#2827,#2828);
#2288=AXIS2_PLACEMENT_3D('',#3438,#2829,#2830);
#2289=AXIS2_PLACEMENT_3D('',#3444,#2834,#2835);
#2290=AXIS2_PLACEMENT_3D('',#3448,#2838,#2839);
#2291=AXIS2_PLACEMENT_3D('',#3452,#2842,#2843);
#2292=AXIS2_PLACEMENT_3D('',#3454,#2845,#2846);
#2293=AXIS2_PLACEMENT_3D('',#3455,#2847,#2848);
#2294=AXIS2_PLACEMENT_3D('',#3461,#2852,#2853);
#2295=AXIS2_PLACEMENT_3D('',#3465,#2856,#2857);
#2296=AXIS2_PLACEMENT_3D('',#3469,#2860,#2861);
#2297=AXIS2_PLACEMENT_3D('',#3471,#2863,#2864);
#2298=AXIS2_PLACEMENT_3D('',#3472,#2865,#2866);
#2299=AXIS2_PLACEMENT_3D('',#3473,#2867,#2868);
#2300=AXIS2_PLACEMENT_3D('',#3475,#2869,#2870);
#2301=DIRECTION('',(0.,0.,1.));
#2302=DIRECTION('',(1.,0.,0.));
#2303=DIRECTION('',(0.,0.,-1.));
#2304=DIRECTION('',(-1.,0.,0.));
#2305=DIRECTION('',(0.,0.,-1.));
#2306=DIRECTION('',(-1.,0.,0.));
#2307=DIRECTION('',(0.,0.,1.));
#2308=DIRECTION('',(1.,0.,0.));
#2309=DIRECTION('',(0.,1.,0.));
#2310=DIRECTION('',(0.,0.,1.));
#2311=DIRECTION('',(0.,0.,-1.));
#2312=DIRECTION('',(1.,0.,0.));
#2313=DIRECTION('',(0.,0.,-1.));
#2314=DIRECTION('',(1.,0.,0.));
#2315=DIRECTION('',(0.,0.,-1.));
#2316=DIRECTION('',(1.,0.,0.));
#2317=DIRECTION('',(0.,0.,-1.));
#2318=DIRECTION('',(-1.,0.,0.));
#2319=DIRECTION('',(-2.14163393649565E-16,1.,0.));
#2320=DIRECTION('',(1.,0.,0.));
#2321=DIRECTION('',(-8.67361737988404E-16,1.,0.));
#2322=DIRECTION('',(1.,0.,0.));
#2323=DIRECTION('',(0.,0.,1.));
#2324=DIRECTION('',(-1.,0.,0.));
#2325=DIRECTION('',(-0.258819571023921,0.965925685368701,0.));
#2326=DIRECTION('',(0.,0.,-1.));
#2327=DIRECTION('',(-1.,0.,0.));
#2328=DIRECTION('',(0.,0.,1.));
#2329=DIRECTION('',(-1.,0.,0.));
#2330=DIRECTION('',(0.,0.,-1.));
#2331=DIRECTION('',(-1.,0.,0.));
#2332=DIRECTION('',(0.,0.,1.));
#2333=DIRECTION('',(-1.,0.,0.));
#2334=DIRECTION('',(0.,1.,0.));
#2335=DIRECTION('',(0.,0.,1.));
#2336=DIRECTION('',(-1.,0.,0.));
#2337=DIRECTION('',(0.,0.,-1.));
#2338=DIRECTION('',(-1.,0.,0.));
#2339=DIRECTION('',(0.,0.,1.));
#2340=DIRECTION('',(-1.,0.,0.));
#2341=DIRECTION('',(0.,0.,-1.));
#2342=DIRECTION('',(-1.,0.,0.));
#2343=DIRECTION('',(0.25881957102392,0.965925685368701,0.));
#2344=DIRECTION('',(0.,0.,1.));
#2345=DIRECTION('',(-1.,0.,0.));
#2346=DIRECTION('',(-1.,0.,0.));
#2347=DIRECTION('',(0.,0.,1.));
#2348=DIRECTION('',(-1.,0.,0.));
#2349=DIRECTION('',(0.258819571023921,-0.965925685368701,0.));
#2350=DIRECTION('',(0.,0.,-1.));
#2351=DIRECTION('',(-1.,0.,0.));
#2352=DIRECTION('',(0.,0.,1.));
#2353=DIRECTION('',(-1.,0.,0.));
#2354=DIRECTION('',(0.,0.,-1.));
#2355=DIRECTION('',(-1.,0.,0.));
#2356=DIRECTION('',(0.,0.,1.));
#2357=DIRECTION('',(-1.,0.,0.));
#2358=DIRECTION('',(0.,-1.,0.));
#2359=DIRECTION('',(0.,0.,1.));
#2360=DIRECTION('',(-1.,0.,0.));
#2361=DIRECTION('',(0.,0.,-1.));
#2362=DIRECTION('',(-1.,0.,0.));
#2363=DIRECTION('',(0.,0.,1.));
#2364=DIRECTION('',(-1.,0.,0.));
#2365=DIRECTION('',(0.,0.,-1.));
#2366=DIRECTION('',(-1.,0.,0.));
#2367=DIRECTION('',(-0.25881957102392,-0.965925685368701,0.));
#2368=DIRECTION('',(0.,0.,1.));
#2369=DIRECTION('',(-1.,0.,0.));
#2370=DIRECTION('',(1.,0.,0.));
#2371=DIRECTION('',(0.,-1.,0.));
#2372=DIRECTION('',(0.,-1.,0.));
#2373=DIRECTION('',(1.,0.,0.));
#2374=DIRECTION('',(0.,0.,-1.));
#2375=DIRECTION('',(1.,0.,0.));
#2376=DIRECTION('',(-0.707106781186548,-0.707106781186548,0.));
#2377=DIRECTION('',(0.707106781186548,-0.707106781186548,0.));
#2378=DIRECTION('',(0.707106781186547,0.707106781186548,0.));
#2379=DIRECTION('',(-0.707106781186548,0.707106781186548,0.));
#2380=DIRECTION('',(-1.92747209963038E-16,-1.,0.));
#2381=DIRECTION('',(1.,-1.92747209962995E-16,0.));
#2382=DIRECTION('',(1.92747209963038E-16,1.,0.));
#2383=DIRECTION('',(-1.,0.,0.));
#2384=DIRECTION('',(0.707106781186548,0.707106781186548,0.));
#2385=DIRECTION('',(0.707106781186548,-0.707106781186548,0.));
#2386=DIRECTION('',(0.707106781186548,0.707106781186548,0.));
#2387=DIRECTION('',(0.707106781186548,-0.707106781186548,0.));
#2388=DIRECTION('',(0.707106781186548,-0.707106781186548,0.));
#2389=DIRECTION('',(-0.707106781186548,-0.707106781186547,0.));
#2390=DIRECTION('',(0.707106781186548,-0.707106781186548,0.));
#2391=DIRECTION('',(-0.707106781186548,-0.707106781186547,0.));
#2392=DIRECTION('',(-0.707106781186548,0.707106781186548,0.));
#2393=DIRECTION('',(-0.707106781186548,-0.707106781186548,0.));
#2394=DIRECTION('',(0.707106781186548,-0.707106781186547,0.));
#2395=DIRECTION('',(0.707106781186548,0.707106781186548,0.));
#2396=DIRECTION('',(1.,0.,0.));
#2397=DIRECTION('',(-2.14163393649565E-16,1.,0.));
#2398=DIRECTION('',(1.,0.,0.));
#2399=DIRECTION('',(0.,-1.,0.));
#2400=DIRECTION('',(0.,-1.,0.));
#2401=DIRECTION('',(1.,0.,0.));
#2402=DIRECTION('',(0.,0.,1.));
#2403=DIRECTION('',(-1.,0.,0.));
#2404=DIRECTION('',(-0.25881957102392,-0.965925685368701,0.));
#2405=DIRECTION('',(0.,0.,-1.));
#2406=DIRECTION('',(-1.,0.,0.));
#2407=DIRECTION('',(0.,0.,1.));
#2408=DIRECTION('',(-1.,0.,0.));
#2409=DIRECTION('',(0.,0.,-1.));
#2410=DIRECTION('',(-1.,0.,0.));
#2411=DIRECTION('',(0.,0.,1.));
#2412=DIRECTION('',(-1.,0.,0.));
#2413=DIRECTION('',(0.,-1.,0.));
#2414=DIRECTION('',(0.,0.,1.));
#2415=DIRECTION('',(-1.,0.,0.));
#2416=DIRECTION('',(0.,0.,-1.));
#2417=DIRECTION('',(-1.,0.,0.));
#2418=DIRECTION('',(0.,0.,1.));
#2419=DIRECTION('',(-1.,0.,0.));
#2420=DIRECTION('',(0.,0.,-1.));
#2421=DIRECTION('',(-1.,0.,0.));
#2422=DIRECTION('',(0.258819571023921,-0.965925685368701,0.));
#2423=DIRECTION('',(0.,0.,1.));
#2424=DIRECTION('',(-1.,0.,0.));
#2425=DIRECTION('',(-1.,0.,0.));
#2426=DIRECTION('',(0.,0.,1.));
#2427=DIRECTION('',(-1.,0.,0.));
#2428=DIRECTION('',(0.25881957102392,0.965925685368701,0.));
#2429=DIRECTION('',(0.,0.,-1.));
#2430=DIRECTION('',(-1.,0.,0.));
#2431=DIRECTION('',(0.,0.,1.));
#2432=DIRECTION('',(-1.,0.,0.));
#2433=DIRECTION('',(0.,0.,-1.));
#2434=DIRECTION('',(-1.,0.,0.));
#2435=DIRECTION('',(0.,0.,1.));
#2436=DIRECTION('',(-1.,0.,0.));
#2437=DIRECTION('',(0.,1.,0.));
#2438=DIRECTION('',(0.,0.,1.));
#2439=DIRECTION('',(-1.,0.,0.));
#2440=DIRECTION('',(0.,0.,-1.));
#2441=DIRECTION('',(-1.,0.,0.));
#2442=DIRECTION('',(0.,0.,1.));
#2443=DIRECTION('',(-1.,0.,0.));
#2444=DIRECTION('',(0.,0.,-1.));
#2445=DIRECTION('',(-1.,0.,0.));
#2446=DIRECTION('',(-0.258819571023921,0.965925685368701,0.));
#2447=DIRECTION('',(0.,0.,1.));
#2448=DIRECTION('',(-1.,0.,0.));
#2449=DIRECTION('',(1.,0.,0.));
#2450=DIRECTION('',(-8.67361737988404E-16,1.,0.));
#2451=DIRECTION('',(-0.707106781186547,-0.707106781186548,0.));
#2452=DIRECTION('',(0.707106781186548,-0.707106781186548,0.));
#2453=DIRECTION('',(0.707106781186547,0.707106781186548,0.));
#2454=DIRECTION('',(-0.707106781186548,0.707106781186548,0.));
#2455=DIRECTION('',(0.707106781186548,-0.707106781186548,0.));
#2456=DIRECTION('',(0.707106781186548,0.707106781186548,0.));
#2457=DIRECTION('',(-0.707106781186548,0.707106781186548,0.));
#2458=DIRECTION('',(-0.707106781186548,-0.707106781186547,0.));
#2459=DIRECTION('',(0.707106781186547,0.707106781186548,0.));
#2460=DIRECTION('',(0.707106781186548,-0.707106781186548,0.));
#2461=DIRECTION('',(0.707106781186547,0.707106781186548,0.));
#2462=DIRECTION('',(0.707106781186548,-0.707106781186548,0.));
#2463=DIRECTION('',(0.707106781186547,-0.707106781186548,0.));
#2464=DIRECTION('',(-0.707106781186547,-0.707106781186548,0.));
#2465=DIRECTION('',(0.707106781186547,-0.707106781186548,0.));
#2466=DIRECTION('',(-0.707106781186547,-0.707106781186548,0.));
#2467=DIRECTION('',(0.707106781186547,-0.707106781186548,0.));
#2468=DIRECTION('',(-0.707106781186548,-0.707106781186548,0.));
#2469=DIRECTION('',(0.707106781186547,-0.707106781186548,0.));
#2470=DIRECTION('',(-0.707106781186548,-0.707106781186548,0.));
#2471=DIRECTION('',(0.707106781186548,0.707106781186547,0.));
#2472=DIRECTION('',(0.707106781186548,-0.707106781186548,0.));
#2473=DIRECTION('',(0.707106781186548,0.707106781186548,0.));
#2474=DIRECTION('',(0.707106781186548,-0.707106781186548,0.));
#2475=DIRECTION('',(0.707106781186548,-0.707106781186547,0.));
#2476=DIRECTION('',(-0.707106781186547,-0.707106781186548,0.));
#2477=DIRECTION('',(0.707106781186548,-0.707106781186548,0.));
#2478=DIRECTION('',(-0.707106781186548,-0.707106781186548,0.));
#2479=DIRECTION('',(0.707106781186548,-0.707106781186548,0.));
#2480=DIRECTION('',(-0.707106781186548,-0.707106781186548,0.));
#2481=DIRECTION('',(0.707106781186548,-0.707106781186548,0.));
#2482=DIRECTION('',(-0.707106781186548,-0.707106781186548,0.));
#2483=DIRECTION('',(1.,0.,0.));
#2484=DIRECTION('',(0.,-1.,0.));
#2485=DIRECTION('',(1.,0.,0.));
#2486=DIRECTION('',(0.,-1.,0.));
#2487=DIRECTION('',(-1.,1.44560289664734E-16,0.));
#2488=DIRECTION('',(0.,-1.,0.));
#2489=DIRECTION('',(1.,-1.44560289664734E-16,0.));
#2490=DIRECTION('',(0.,1.,0.));
#2491=DIRECTION('',(0.,1.,0.));
#2492=DIRECTION('',(0.,0.,1.));
#2493=DIRECTION('',(0.,0.,-1.));
#2494=DIRECTION('',(0.,0.,-1.));
#2495=DIRECTION('',(-1.,-8.67361737988404E-16,0.));
#2496=DIRECTION('',(8.67361737988404E-16,-1.,0.));
#2497=DIRECTION('',(0.,0.,-1.));
#2498=DIRECTION('',(0.,1.,0.));
#2499=DIRECTION('',(0.,0.,1.));
#2500=DIRECTION('',(0.,0.,-1.));
#2501=DIRECTION('',(0.,0.,-1.));
#2502=DIRECTION('',(-1.,0.,0.));
#2503=DIRECTION('',(0.,0.,-1.));
#2504=DIRECTION('',(-0.9659256853687,-0.258819571023921,0.));
#2505=DIRECTION('',(0.258819571023921,-0.965925685368701,0.));
#2506=DIRECTION('',(0.,0.,-1.));
#2507=DIRECTION('',(0.,0.,-1.));
#2508=DIRECTION('',(-1.,0.,0.));
#2509=DIRECTION('',(0.,0.,-1.));
#2510=DIRECTION('',(0.,0.,-1.));
#2511=DIRECTION('',(-1.,0.,0.));
#2512=DIRECTION('',(0.,0.,-1.));
#2513=DIRECTION('',(0.,0.,-1.));
#2514=DIRECTION('',(-1.,0.,0.));
#2515=DIRECTION('',(0.,0.,-1.));
#2516=DIRECTION('',(0.,0.,-1.));
#2517=DIRECTION('',(-1.,0.,0.));
#2518=DIRECTION('',(0.,0.,-1.));
#2519=DIRECTION('',(-1.,0.,0.));
#2520=DIRECTION('',(0.,0.,1.));
#2521=DIRECTION('',(0.,0.,-1.));
#2522=DIRECTION('',(0.,0.,-1.));
#2523=DIRECTION('',(-1.,0.,0.));
#2524=DIRECTION('',(0.,0.,-1.));
#2525=DIRECTION('',(0.,0.,-1.));
#2526=DIRECTION('',(-1.,0.,0.));
#2527=DIRECTION('',(0.,0.,-1.));
#2528=DIRECTION('',(0.,0.,-1.));
#2529=DIRECTION('',(-1.,0.,0.));
#2530=DIRECTION('',(0.,0.,-1.));
#2531=DIRECTION('',(0.,0.,-1.));
#2532=DIRECTION('',(-1.,0.,0.));
#2533=DIRECTION('',(0.,0.,-1.));
#2534=DIRECTION('',(-0.9659256853687,0.25881957102392,0.));
#2535=DIRECTION('',(-0.25881957102392,-0.965925685368701,0.));
#2536=DIRECTION('',(0.,0.,-1.));
#2537=DIRECTION('',(0.,0.,-1.));
#2538=DIRECTION('',(-1.,0.,0.));
#2539=DIRECTION('',(0.,0.,-1.));
#2540=DIRECTION('',(0.,-1.,0.));
#2541=DIRECTION('',(0.,0.,-1.));
#2542=DIRECTION('',(0.,0.,-1.));
#2543=DIRECTION('',(0.,0.,-1.));
#2544=DIRECTION('',(-1.,0.,0.));
#2545=DIRECTION('',(0.,0.,-1.));
#2546=DIRECTION('',(0.9659256853687,0.258819571023921,0.));
#2547=DIRECTION('',(-0.258819571023921,0.965925685368701,0.));
#2548=DIRECTION('',(0.,0.,-1.));
#2549=DIRECTION('',(0.,0.,-1.));
#2550=DIRECTION('',(-1.,0.,0.));
#2551=DIRECTION('',(0.,0.,-1.));
#2552=DIRECTION('',(0.,0.,-1.));
#2553=DIRECTION('',(-1.,0.,0.));
#2554=DIRECTION('',(0.,0.,-1.));
#2555=DIRECTION('',(0.,0.,-1.));
#2556=DIRECTION('',(-1.,0.,0.));
#2557=DIRECTION('',(0.,0.,-1.));
#2558=DIRECTION('',(0.,0.,-1.));
#2559=DIRECTION('',(-1.,0.,0.));
#2560=DIRECTION('',(0.,0.,-1.));
#2561=DIRECTION('',(1.,0.,0.));
#2562=DIRECTION('',(0.,0.,-1.));
#2563=DIRECTION('',(0.,0.,-1.));
#2564=DIRECTION('',(0.,0.,-1.));
#2565=DIRECTION('',(-1.,0.,0.));
#2566=DIRECTION('',(0.,0.,-1.));
#2567=DIRECTION('',(0.,0.,-1.));
#2568=DIRECTION('',(-1.,0.,0.));
#2569=DIRECTION('',(0.,0.,-1.));
#2570=DIRECTION('',(0.,0.,-1.));
#2571=DIRECTION('',(-1.,0.,0.));
#2572=DIRECTION('',(0.,0.,-1.));
#2573=DIRECTION('',(0.,0.,-1.));
#2574=DIRECTION('',(-1.,0.,0.));
#2575=DIRECTION('',(0.,0.,-1.));
#2576=DIRECTION('',(0.9659256853687,-0.25881957102392,0.));
#2577=DIRECTION('',(0.25881957102392,0.965925685368701,0.));
#2578=DIRECTION('',(0.,0.,-1.));
#2579=DIRECTION('',(0.,0.,-1.));
#2580=DIRECTION('',(-1.,0.,0.));
#2581=DIRECTION('',(0.,0.,-1.));
#2582=DIRECTION('',(0.,1.,0.));
#2583=DIRECTION('',(0.,0.,1.));
#2584=DIRECTION('',(0.,0.,-1.));
#2585=DIRECTION('',(1.,0.,0.));
#2586=DIRECTION('',(0.,0.,-1.));
#2587=DIRECTION('',(0.707106781186548,0.707106781186548,0.));
#2588=DIRECTION('',(-0.707106781186548,0.707106781186548,0.));
#2589=DIRECTION('',(0.,0.,-1.));
#2590=DIRECTION('',(0.707106781186548,-0.707106781186548,0.));
#2591=DIRECTION('',(0.,0.,-1.));
#2592=DIRECTION('',(0.707106781186548,-0.707106781186548,0.));
#2593=DIRECTION('',(0.707106781186548,0.707106781186548,0.));
#2594=DIRECTION('',(0.,0.,-1.));
#2595=DIRECTION('',(-0.707106781186548,-0.707106781186548,0.));
#2596=DIRECTION('',(-0.707106781186548,-0.707106781186548,0.));
#2597=DIRECTION('',(0.707106781186548,-0.707106781186548,0.));
#2598=DIRECTION('',(0.,0.,-1.));
#2599=DIRECTION('',(-0.707106781186548,0.707106781186548,0.));
#2600=DIRECTION('',(-0.707106781186548,0.707106781186547,0.));
#2601=DIRECTION('',(-0.707106781186547,-0.707106781186548,0.));
#2602=DIRECTION('',(0.707106781186547,0.707106781186548,0.));
#2603=DIRECTION('',(0.,0.,-1.));
#2604=DIRECTION('',(1.,0.,0.));
#2605=DIRECTION('',(1.92747209962995E-16,1.,0.));
#2606=DIRECTION('',(-1.,1.92747209962995E-16,0.));
#2607=DIRECTION('',(0.,0.,-1.));
#2608=DIRECTION('',(1.,-1.92747209962995E-16,0.));
#2609=DIRECTION('',(0.,0.,-1.));
#2610=DIRECTION('',(1.,-1.92747209963038E-16,0.));
#2611=DIRECTION('',(1.92747209963038E-16,1.,0.));
#2612=DIRECTION('',(0.,0.,-1.));
#2613=DIRECTION('',(-1.92747209963038E-16,-1.,0.));
#2614=DIRECTION('',(0.,-1.,0.));
#2615=DIRECTION('',(0.,0.,-1.));
#2616=DIRECTION('',(0.,0.,-1.));
#2617=DIRECTION('',(-1.,0.,0.));
#2618=DIRECTION('',(-1.,1.92747209963038E-16,0.));
#2619=DIRECTION('',(-1.92747209963038E-16,-1.,0.));
#2620=DIRECTION('',(1.92747209963038E-16,1.,0.));
#2621=DIRECTION('',(0.,0.,-1.));
#2622=DIRECTION('',(1.,0.,0.));
#2623=DIRECTION('',(0.707106781186548,0.707106781186548,0.));
#2624=DIRECTION('',(-0.707106781186548,0.707106781186548,0.));
#2625=DIRECTION('',(0.,0.,-1.));
#2626=DIRECTION('',(0.707106781186548,-0.707106781186548,0.));
#2627=DIRECTION('',(0.,0.,-1.));
#2628=DIRECTION('',(-0.707106781186548,0.707106781186548,0.));
#2629=DIRECTION('',(-0.707106781186548,-0.707106781186548,0.));
#2630=DIRECTION('',(0.,0.,-1.));
#2631=DIRECTION('',(0.707106781186548,0.707106781186548,0.));
#2632=DIRECTION('',(0.707106781186548,0.707106781186548,0.));
#2633=DIRECTION('',(-0.707106781186548,0.707106781186548,0.));
#2634=DIRECTION('',(0.,0.,-1.));
#2635=DIRECTION('',(0.707106781186548,-0.707106781186548,0.));
#2636=DIRECTION('',(-0.707106781186548,0.707106781186548,0.));
#2637=DIRECTION('',(-0.707106781186548,-0.707106781186548,0.));
#2638=DIRECTION('',(0.707106781186548,0.707106781186548,0.));
#2639=DIRECTION('',(0.,0.,-1.));
#2640=DIRECTION('',(1.,0.,0.));
#2641=DIRECTION('',(0.707106781186547,-0.707106781186548,0.));
#2642=DIRECTION('',(0.707106781186548,0.707106781186547,0.));
#2643=DIRECTION('',(0.,0.,-1.));
#2644=DIRECTION('',(-0.707106781186548,-0.707106781186547,0.));
#2645=DIRECTION('',(0.,0.,-1.));
#2646=DIRECTION('',(0.707106781186548,0.707106781186548,0.));
#2647=DIRECTION('',(-0.707106781186548,0.707106781186548,0.));
#2648=DIRECTION('',(0.,0.,-1.));
#2649=DIRECTION('',(0.707106781186548,-0.707106781186548,0.));
#2650=DIRECTION('',(0.707106781186547,-0.707106781186548,0.));
#2651=DIRECTION('',(0.707106781186548,0.707106781186547,0.));
#2652=DIRECTION('',(0.,0.,-1.));
#2653=DIRECTION('',(-0.707106781186548,-0.707106781186547,0.));
#2654=DIRECTION('',(0.707106781186548,0.707106781186548,0.));
#2655=DIRECTION('',(-0.707106781186548,0.707106781186548,0.));
#2656=DIRECTION('',(0.707106781186548,-0.707106781186548,0.));
#2657=DIRECTION('',(0.,0.,-1.));
#2658=DIRECTION('',(1.,0.,0.));
#2659=DIRECTION('',(0.707106781186548,-0.707106781186548,0.));
#2660=DIRECTION('',(0.707106781186548,0.707106781186548,0.));
#2661=DIRECTION('',(0.,0.,-1.));
#2662=DIRECTION('',(-0.707106781186548,-0.707106781186548,0.));
#2663=DIRECTION('',(0.,0.,-1.));
#2664=DIRECTION('',(-0.707106781186548,-0.707106781186548,0.));
#2665=DIRECTION('',(0.707106781186548,-0.707106781186548,0.));
#2666=DIRECTION('',(0.,0.,-1.));
#2667=DIRECTION('',(-0.707106781186548,0.707106781186548,0.));
#2668=DIRECTION('',(-0.707106781186548,0.707106781186548,0.));
#2669=DIRECTION('',(-0.707106781186548,-0.707106781186548,0.));
#2670=DIRECTION('',(0.,0.,-1.));
#2671=DIRECTION('',(0.707106781186548,0.707106781186548,0.));
#2672=DIRECTION('',(0.707106781186547,0.707106781186548,0.));
#2673=DIRECTION('',(-0.707106781186548,0.707106781186547,0.));
#2674=DIRECTION('',(0.707106781186548,-0.707106781186547,0.));
#2675=DIRECTION('',(0.,0.,-1.));
#2676=DIRECTION('',(1.,0.,0.));
#2677=DIRECTION('',(-1.,-2.14163393649565E-16,0.));
#2678=DIRECTION('',(2.14163393649565E-16,-1.,0.));
#2679=DIRECTION('',(0.,0.,-1.));
#2680=DIRECTION('',(1.,0.,0.));
#2681=DIRECTION('',(0.,0.,-1.));
#2682=DIRECTION('',(0.,0.,-1.));
#2683=DIRECTION('',(0.,1.,0.));
#2684=DIRECTION('',(0.,0.,1.));
#2685=DIRECTION('',(0.707106781186548,0.707106781186548,0.));
#2686=DIRECTION('',(-0.707106781186548,0.707106781186548,0.));
#2687=DIRECTION('',(0.,0.,-1.));
#2688=DIRECTION('',(0.707106781186548,-0.707106781186548,0.));
#2689=DIRECTION('',(0.,0.,-1.));
#2690=DIRECTION('',(0.707106781186548,-0.707106781186547,0.));
#2691=DIRECTION('',(0.707106781186547,0.707106781186548,0.));
#2692=DIRECTION('',(0.,0.,-1.));
#2693=DIRECTION('',(-0.707106781186547,-0.707106781186548,0.));
#2694=DIRECTION('',(-0.707106781186548,-0.707106781186548,0.));
#2695=DIRECTION('',(0.707106781186548,-0.707106781186548,0.));
#2696=DIRECTION('',(0.,0.,-1.));
#2697=DIRECTION('',(-0.707106781186548,0.707106781186548,0.));
#2698=DIRECTION('',(-0.707106781186548,0.707106781186547,0.));
#2699=DIRECTION('',(-0.707106781186547,-0.707106781186548,0.));
#2700=DIRECTION('',(0.707106781186547,0.707106781186548,0.));
#2701=DIRECTION('',(0.,0.,-1.));
#2702=DIRECTION('',(1.,0.,0.));
#2703=DIRECTION('',(-0.707106781186548,0.707106781186548,0.));
#2704=DIRECTION('',(-0.707106781186548,-0.707106781186548,0.));
#2705=DIRECTION('',(0.,0.,-1.));
#2706=DIRECTION('',(0.707106781186548,0.707106781186548,0.));
#2707=DIRECTION('',(0.,0.,-1.));
#2708=DIRECTION('',(0.707106781186548,0.707106781186548,0.));
#2709=DIRECTION('',(-0.707106781186548,0.707106781186548,0.));
#2710=DIRECTION('',(0.,0.,-1.));
#2711=DIRECTION('',(0.707106781186548,-0.707106781186548,0.));
#2712=DIRECTION('',(0.707106781186547,-0.707106781186548,0.));
#2713=DIRECTION('',(0.707106781186548,0.707106781186547,0.));
#2714=DIRECTION('',(0.,0.,-1.));
#2715=DIRECTION('',(-0.707106781186548,-0.707106781186547,0.));
#2716=DIRECTION('',(-0.707106781186548,-0.707106781186548,0.));
#2717=DIRECTION('',(0.707106781186548,-0.707106781186548,0.));
#2718=DIRECTION('',(-0.707106781186548,0.707106781186548,0.));
#2719=DIRECTION('',(0.,0.,-1.));
#2720=DIRECTION('',(1.,0.,0.));
#2721=DIRECTION('',(0.707106781186548,0.707106781186548,0.));
#2722=DIRECTION('',(-0.707106781186548,0.707106781186548,0.));
#2723=DIRECTION('',(0.,0.,-1.));
#2724=DIRECTION('',(0.707106781186548,-0.707106781186548,0.));
#2725=DIRECTION('',(0.,0.,-1.));
#2726=DIRECTION('',(-0.707106781186548,0.707106781186547,0.));
#2727=DIRECTION('',(-0.707106781186547,-0.707106781186548,0.));
#2728=DIRECTION('',(0.,0.,-1.));
#2729=DIRECTION('',(0.707106781186547,0.707106781186548,0.));
#2730=DIRECTION('',(0.707106781186548,0.707106781186548,0.));
#2731=DIRECTION('',(-0.707106781186548,0.707106781186548,0.));
#2732=DIRECTION('',(0.,0.,-1.));
#2733=DIRECTION('',(0.707106781186548,-0.707106781186548,0.));
#2734=DIRECTION('',(-0.707106781186548,0.707106781186547,0.));
#2735=DIRECTION('',(-0.707106781186547,-0.707106781186548,0.));
#2736=DIRECTION('',(0.707106781186547,0.707106781186548,0.));
#2737=DIRECTION('',(0.,0.,-1.));
#2738=DIRECTION('',(1.,0.,0.));
#2739=DIRECTION('',(0.707106781186548,-0.707106781186547,0.));
#2740=DIRECTION('',(0.707106781186547,0.707106781186548,0.));
#2741=DIRECTION('',(0.,0.,-1.));
#2742=DIRECTION('',(-0.707106781186547,-0.707106781186548,0.));
#2743=DIRECTION('',(0.,0.,-1.));
#2744=DIRECTION('',(0.707106781186548,0.707106781186547,0.));
#2745=DIRECTION('',(-0.707106781186547,0.707106781186548,0.));
#2746=DIRECTION('',(0.,0.,-1.));
#2747=DIRECTION('',(0.707106781186547,-0.707106781186548,0.));
#2748=DIRECTION('',(0.707106781186548,-0.707106781186547,0.));
#2749=DIRECTION('',(0.707106781186547,0.707106781186548,0.));
#2750=DIRECTION('',(0.,0.,-1.));
#2751=DIRECTION('',(-0.707106781186547,-0.707106781186548,0.));
#2752=DIRECTION('',(0.707106781186548,0.707106781186547,0.));
#2753=DIRECTION('',(-0.707106781186547,0.707106781186548,0.));
#2754=DIRECTION('',(0.707106781186547,-0.707106781186548,0.));
#2755=DIRECTION('',(0.,0.,-1.));
#2756=DIRECTION('',(1.,0.,0.));
#2757=DIRECTION('',(0.707106781186548,-0.707106781186548,0.));
#2758=DIRECTION('',(0.707106781186548,0.707106781186548,0.));
#2759=DIRECTION('',(0.,0.,-1.));
#2760=DIRECTION('',(-0.707106781186548,-0.707106781186548,0.));
#2761=DIRECTION('',(0.,0.,-1.));
#2762=DIRECTION('',(0.707106781186548,0.707106781186547,0.));
#2763=DIRECTION('',(-0.707106781186547,0.707106781186548,0.));
#2764=DIRECTION('',(0.,0.,-1.));
#2765=DIRECTION('',(0.707106781186547,-0.707106781186548,0.));
#2766=DIRECTION('',(0.707106781186548,-0.707106781186548,0.));
#2767=DIRECTION('',(0.707106781186548,0.707106781186548,0.));
#2768=DIRECTION('',(0.,0.,-1.));
#2769=DIRECTION('',(-0.707106781186548,-0.707106781186548,0.));
#2770=DIRECTION('',(0.707106781186548,0.707106781186547,0.));
#2771=DIRECTION('',(-0.707106781186547,0.707106781186548,0.));
#2772=DIRECTION('',(0.707106781186547,-0.707106781186548,0.));
#2773=DIRECTION('',(0.,0.,-1.));
#2774=DIRECTION('',(1.,0.,0.));
#2775=DIRECTION('',(0.707106781186548,0.707106781186548,0.));
#2776=DIRECTION('',(-0.707106781186548,0.707106781186548,0.));
#2777=DIRECTION('',(0.,0.,-1.));
#2778=DIRECTION('',(0.707106781186548,-0.707106781186548,0.));
#2779=DIRECTION('',(0.,0.,-1.));
#2780=DIRECTION('',(-0.707106781186547,0.707106781186548,0.));
#2781=DIRECTION('',(-0.707106781186548,-0.707106781186547,0.));
#2782=DIRECTION('',(0.,0.,-1.));
#2783=DIRECTION('',(0.707106781186548,0.707106781186547,0.));
#2784=DIRECTION('',(0.707106781186548,0.707106781186548,0.));
#2785=DIRECTION('',(-0.707106781186548,0.707106781186548,0.));
#2786=DIRECTION('',(0.,0.,-1.));
#2787=DIRECTION('',(0.707106781186548,-0.707106781186548,0.));
#2788=DIRECTION('',(-0.707106781186548,0.707106781186548,0.));
#2789=DIRECTION('',(-0.707106781186548,-0.707106781186548,0.));
#2790=DIRECTION('',(0.707106781186548,0.707106781186548,0.));
#2791=DIRECTION('',(0.,0.,-1.));
#2792=DIRECTION('',(1.,0.,0.));
#2793=DIRECTION('',(0.707106781186548,-0.707106781186547,0.));
#2794=DIRECTION('',(0.707106781186547,0.707106781186548,0.));
#2795=DIRECTION('',(0.,0.,-1.));
#2796=DIRECTION('',(-0.707106781186547,-0.707106781186548,0.));
#2797=DIRECTION('',(0.,0.,-1.));
#2798=DIRECTION('',(0.707106781186547,0.707106781186548,0.));
#2799=DIRECTION('',(-0.707106781186548,0.707106781186547,0.));
#2800=DIRECTION('',(0.,0.,-1.));
#2801=DIRECTION('',(0.707106781186548,-0.707106781186547,0.));
#2802=DIRECTION('',(0.707106781186548,-0.707106781186548,0.));
#2803=DIRECTION('',(0.707106781186548,0.707106781186548,0.));
#2804=DIRECTION('',(0.,0.,-1.));
#2805=DIRECTION('',(-0.707106781186548,-0.707106781186548,0.));
#2806=DIRECTION('',(0.707106781186548,0.707106781186548,0.));
#2807=DIRECTION('',(-0.707106781186548,0.707106781186548,0.));
#2808=DIRECTION('',(0.707106781186548,-0.707106781186548,0.));
#2809=DIRECTION('',(0.,0.,-1.));
#2810=DIRECTION('',(1.,0.,0.));
#2811=DIRECTION('',(0.707106781186548,-0.707106781186548,0.));
#2812=DIRECTION('',(0.707106781186548,0.707106781186548,0.));
#2813=DIRECTION('',(0.,0.,-1.));
#2814=DIRECTION('',(-0.707106781186548,-0.707106781186548,0.));
#2815=DIRECTION('',(0.,0.,-1.));
#2816=DIRECTION('',(0.707106781186548,0.707106781186548,0.));
#2817=DIRECTION('',(-0.707106781186548,0.707106781186548,0.));
#2818=DIRECTION('',(0.,0.,-1.));
#2819=DIRECTION('',(0.707106781186548,-0.707106781186548,0.));
#2820=DIRECTION('',(0.707106781186548,-0.707106781186548,0.));
#2821=DIRECTION('',(0.707106781186548,0.707106781186548,0.));
#2822=DIRECTION('',(0.,0.,-1.));
#2823=DIRECTION('',(-0.707106781186548,-0.707106781186548,0.));
#2824=DIRECTION('',(0.707106781186548,0.707106781186548,0.));
#2825=DIRECTION('',(-0.707106781186548,0.707106781186548,0.));
#2826=DIRECTION('',(0.707106781186548,-0.707106781186548,0.));
#2827=DIRECTION('',(0.,0.,-1.));
#2828=DIRECTION('',(1.,0.,0.));
#2829=DIRECTION('',(1.,0.,0.));
#2830=DIRECTION('',(0.,0.,-1.));
#2831=DIRECTION('',(0.,0.,-1.));
#2832=DIRECTION('',(0.,-1.,0.));
#2833=DIRECTION('',(0.,0.,-1.));
#2834=DIRECTION('',(0.,1.,0.));
#2835=DIRECTION('',(0.,0.,1.));
#2836=DIRECTION('',(0.,0.,-1.));
#2837=DIRECTION('',(1.,0.,0.));
#2838=DIRECTION('',(1.,0.,0.));
#2839=DIRECTION('',(0.,0.,-1.));
#2840=DIRECTION('',(0.,0.,-1.));
#2841=DIRECTION('',(0.,-1.,0.));
#2842=DIRECTION('',(0.,1.,0.));
#2843=DIRECTION('',(0.,0.,1.));
#2844=DIRECTION('',(1.,0.,0.));
#2845=DIRECTION('',(0.,0.,-1.));
#2846=DIRECTION('',(1.,0.,0.));
#2847=DIRECTION('',(1.,0.,0.));
#2848=DIRECTION('',(0.,0.,-1.));
#2849=DIRECTION('',(0.,0.,-1.));
#2850=DIRECTION('',(0.,-1.,0.));
#2851=DIRECTION('',(0.,0.,-1.));
#2852=DIRECTION('',(-1.44560289664734E-16,-1.,0.));
#2853=DIRECTION('',(1.,-1.44560289664734E-16,0.));
#2854=DIRECTION('',(0.,0.,-1.));
#2855=DIRECTION('',(-1.,1.44560289664734E-16,0.));
#2856=DIRECTION('',(-1.,0.,0.));
#2857=DIRECTION('',(0.,0.,1.));
#2858=DIRECTION('',(0.,0.,-1.));
#2859=DIRECTION('',(0.,1.,0.));
#2860=DIRECTION('',(1.44560289664734E-16,1.,0.));
#2861=DIRECTION('',(-1.,1.44560289664734E-16,0.));
#2862=DIRECTION('',(1.,-1.44560289664734E-16,0.));
#2863=DIRECTION('',(0.,0.,-1.));
#2864=DIRECTION('',(1.,0.,0.));
#2865=DIRECTION('',(0.,0.,-1.));
#2866=DIRECTION('',(-1.,0.,0.));
#2867=DIRECTION('',(0.,0.,-1.));
#2868=DIRECTION('',(-1.,0.,0.));
#2869=DIRECTION('',(0.,0.,1.));
#2870=DIRECTION('',(1.,0.,0.));
#2871=CARTESIAN_POINT('',(0.,0.,0.));
#2872=CARTESIAN_POINT('',(0.,-3.09223316784706E-19,0.004));
#2873=CARTESIAN_POINT('',(0.,-3.09223316784706E-19,0.001));
#2874=CARTESIAN_POINT('',(-0.00505,-3.09223316784706E-19,0.001));
#2875=CARTESIAN_POINT('',(0.,3.9801020972289E-19,0.00193333333333333));
#2876=CARTESIAN_POINT('',(0.00505,3.9801020972289E-19,0.00193333333333333));
#2877=CARTESIAN_POINT('',(0.,-0.012,0.004));
#2878=CARTESIAN_POINT('',(-0.003499999971101,-0.012,0.0018));
#2879=CARTESIAN_POINT('',(-0.003499999971101,-0.012,0.004));
#2880=CARTESIAN_POINT('',(-0.003499999971101,-0.012,0.001));
#2881=CARTESIAN_POINT('',(0.,-0.012,0.004));
#2882=CARTESIAN_POINT('',(-0.003999984759972,-0.012,0.004));
#2883=CARTESIAN_POINT('',(-0.003999984759972,-0.012,0.004));
#2884=CARTESIAN_POINT('',(-0.003999984759972,-0.012,0.001));
#2885=CARTESIAN_POINT('',(0.,-0.012,0.001));
#2886=CARTESIAN_POINT('',(0.,0.,0.004));
#2887=CARTESIAN_POINT('',(0.,3.9801020972289E-19,0.004));
#2888=CARTESIAN_POINT('',(-0.0065,3.9801020972289E-19,0.004));
#2889=CARTESIAN_POINT('',(0.003499999971101,7.49571871584369E-19,0.004));
#2890=CARTESIAN_POINT('',(0.003499999971101,-0.012,0.004));
#2891=CARTESIAN_POINT('',(0.003499999971101,-0.007125017809417,0.004));
#2892=CARTESIAN_POINT('',(0.,-0.012,0.004));
#2893=CARTESIAN_POINT('',(0.003999984759972,-0.011999999999997,0.004));
#2894=CARTESIAN_POINT('',(0.003999984759972,-0.011499999999997,0.004));
#2895=CARTESIAN_POINT('',(0.003999984759972,-0.010999999999997,0.004));
#2896=CARTESIAN_POINT('',(0.0047820206627555,-0.010999999999997,0.004));
#2897=CARTESIAN_POINT('',(0.005564056565539,-0.011000000000003,0.004));
#2898=CARTESIAN_POINT('',(0.005564056565539,-0.01050002177359,0.004));
#2899=CARTESIAN_POINT('',(0.00604699837655737,-0.0103706176235082,0.004));
#2900=CARTESIAN_POINT('',(0.00581608646848087,-0.00950884452734631,0.004));
#2901=CARTESIAN_POINT('',(0.00558517456040382,-0.00864707143118455,0.004));
#2902=CARTESIAN_POINT('',(0.008000015943532,-0.008000015223508,0.004));
#2903=CARTESIAN_POINT('',(0.00842241277063578,-0.00553592886909498,0.004));
#2904=CARTESIAN_POINT('',(0.008506887545335,-0.005043138378561,0.004));
#2905=CARTESIAN_POINT('',(0.00900514859968987,-0.00500173334465353,0.004));
#2906=CARTESIAN_POINT('',(0.010500021481923,-0.004877510787351,0.004));
#2907=CARTESIAN_POINT('',(0.010500020610499,-0.00337748539497292,0.004));
#2908=CARTESIAN_POINT('',(0.010500020320041,-0.002877505715011,0.004));
#2909=CARTESIAN_POINT('',(0.011000000000003,-0.002877505715011,0.004));
#2910=CARTESIAN_POINT('',(0.011000000000003,0.,0.004));
#2911=CARTESIAN_POINT('',(0.011000000000003,0.002877505715011,0.004));
#2912=CARTESIAN_POINT('',(0.010500020320041,0.002877505715011,0.004));
#2913=CARTESIAN_POINT('',(0.010500020610499,0.00337748539497326,0.004));
#2914=CARTESIAN_POINT('',(0.010500021481923,0.004877510787351,0.004));
#2915=CARTESIAN_POINT('',(0.00900514859969136,0.00500173334465341,0.004));
#2916=CARTESIAN_POINT('',(0.008506887545335,0.005043138378561,0.004));
#2917=CARTESIAN_POINT('',(0.0084224127706361,0.00553592886909313,0.004));
#2918=CARTESIAN_POINT('',(0.008000015943532,0.008000015223508,0.004));
#2919=CARTESIAN_POINT('',(0.0055851745604032,0.00864707143118472,0.004));
#2920=CARTESIAN_POINT('',(0.00581608646847969,0.00950884452734663,0.004));
#2921=CARTESIAN_POINT('',(0.0060469983765564,0.0103706176235085,0.004));
#2922=CARTESIAN_POINT('',(0.005564056565539,0.01050002177359,0.004));
#2923=CARTESIAN_POINT('',(0.005564056565539,0.011000000000003,0.004));
#2924=CARTESIAN_POINT('',(-4.9960036108132E-16,0.011000000000003,0.004));
#2925=CARTESIAN_POINT('',(-0.00556405656554,0.011000000000003,0.004));
#2926=CARTESIAN_POINT('',(-0.00556405656554,0.01050002177359,0.004));
#2927=CARTESIAN_POINT('',(-0.00604699837655743,0.0103706176235085,0.004));
#2928=CARTESIAN_POINT('',(-0.00581608646848091,0.00950884452734644,0.004));
#2929=CARTESIAN_POINT('',(-0.00558517456040382,0.00864707143118455,0.004));
#2930=CARTESIAN_POINT('',(-0.008000015943532,0.008000015223508,0.004));
#2931=CARTESIAN_POINT('',(-0.00842241277063578,0.00553592886909498,0.004));
#2932=CARTESIAN_POINT('',(-0.008506887545335,0.005043138378561,0.004));
#2933=CARTESIAN_POINT('',(-0.00900514859968688,0.00500173334465372,0.004));
#2934=CARTESIAN_POINT('',(-0.01050002148192,0.004877510787351,0.004));
#2935=CARTESIAN_POINT('',(-0.0105000206104975,0.00337748539497292,0.004));
#2936=CARTESIAN_POINT('',(-0.01050002032004,0.002877505715011,0.004));
#2937=CARTESIAN_POINT('',(-0.010999999999997,0.002877505715011,0.004));
#2938=CARTESIAN_POINT('',(-0.010999999999997,0.,0.004));
#2939=CARTESIAN_POINT('',(-0.010999999999997,-0.002877505715011,0.004));
#2940=CARTESIAN_POINT('',(-0.01050002032004,-0.002877505715011,0.004));
#2941=CARTESIAN_POINT('',(-0.0105000206104975,-0.00337748539497292,0.004));
#2942=CARTESIAN_POINT('',(-0.01050002148192,-0.004877510787351,0.004));
#2943=CARTESIAN_POINT('',(-0.00900514859969136,-0.00500173334465335,0.004));
#2944=CARTESIAN_POINT('',(-0.008506887545335,-0.005043138378561,0.004));
#2945=CARTESIAN_POINT('',(-0.0084224127706361,-0.00553592886909313,0.004));
#2946=CARTESIAN_POINT('',(-0.008000015943532,-0.008000015223508,0.004));
#2947=CARTESIAN_POINT('',(-0.0055851745604052,-0.00864707143118418,0.004));
#2948=CARTESIAN_POINT('',(-0.00581608646848172,-0.00950884452734622,0.004));
#2949=CARTESIAN_POINT('',(-0.0060469983765574,-0.0103706176235085,0.004));
#2950=CARTESIAN_POINT('',(-0.00556405656554,-0.01050002177359,0.004));
#2951=CARTESIAN_POINT('',(-0.00556405656554,-0.010999999999997,0.004));
#2952=CARTESIAN_POINT('',(-0.004782020662756,-0.010999999999997,0.004));
#2953=CARTESIAN_POINT('',(-0.003999984759972,-0.010999999999997,0.004));
#2954=CARTESIAN_POINT('',(-0.003999984759972,-0.011499999999997,0.004));
#2955=CARTESIAN_POINT('',(-0.003499999971101,0.,0.004));
#2956=CARTESIAN_POINT('',(-0.003499999971101,-0.007125017809417,0.004));
#2957=CARTESIAN_POINT('',(0.,-0.007125017809417,0.004));
#2958=CARTESIAN_POINT('',(0.,0.,0.001));
#2959=CARTESIAN_POINT('',(-0.00523547305300214,0.00523549101355045,0.001));
#2960=CARTESIAN_POINT('',(-0.00450008200221251,0.00597088206434008,0.001));
#2961=CARTESIAN_POINT('',(-0.00597086410379177,0.00450009996276082,0.001));
#2962=CARTESIAN_POINT('',(-0.00523547305300214,0.00376470891197119,0.001));
#2963=CARTESIAN_POINT('',(-0.00450008200221251,0.00302931786118155,0.001));
#2964=CARTESIAN_POINT('',(-0.00376469095142287,0.00376470891197119,0.001));
#2965=CARTESIAN_POINT('',(-0.00302929990063325,0.00450009996276081,0.001));
#2966=CARTESIAN_POINT('',(-0.00376469095142288,0.00523549101355045,0.001));
#2967=CARTESIAN_POINT('',(-0.00224517538444,0.007995405953223,0.001));
#2968=CARTESIAN_POINT('',(-0.00224517538444,0.010245404119616,0.001));
#2969=CARTESIAN_POINT('',(-0.00224517538444,0.00574540778683,0.001));
#2970=CARTESIAN_POINT('',(4.82278195350003E-6,0.00574540778683,0.001));
#2971=CARTESIAN_POINT('',(0.002254820948347,0.00574540778683,0.001));
#2972=CARTESIAN_POINT('',(0.002254820948347,0.007995405953223,0.001));
#2973=CARTESIAN_POINT('',(0.002254820948347,0.010245404119616,0.001));
#2974=CARTESIAN_POINT('',(4.82278195350068E-6,0.010245404119616,0.001));
#2975=CARTESIAN_POINT('',(-0.00603285541249962,0.00578285287249462,0.001));
#2976=CARTESIAN_POINT('',(-0.00659854083744886,0.00521716744754538,0.001));
#2977=CARTESIAN_POINT('',(-0.00546716998755038,0.00634853829744385,0.001));
#2978=CARTESIAN_POINT('',(-0.00631569812497424,0.00493432473507076,0.001));
#2979=CARTESIAN_POINT('',(-0.00603285541249962,0.00465148202259614,0.001));
#2980=CARTESIAN_POINT('',(-0.00546716998755038,0.00521716744754538,0.001));
#2981=CARTESIAN_POINT('',(-0.00490148456260114,0.00578285287249462,0.001));
#2982=CARTESIAN_POINT('',(-0.00518432727507576,0.00606569558496923,0.001));
#2983=CARTESIAN_POINT('',(-0.00321716490754038,0.00628285541249962,0.001));
#2984=CARTESIAN_POINT('',(-0.00378285033248962,0.00684854083744885,0.001));
#2985=CARTESIAN_POINT('',(-0.00265147948259114,0.00571716998755038,0.001));
#2986=CARTESIAN_POINT('',(-0.00406569304496424,0.00656569812497424,0.001));
#2987=CARTESIAN_POINT('',(-0.00434853575743886,0.00628285541249962,0.001));
#2988=CARTESIAN_POINT('',(-0.00378285033248962,0.00571716998755038,0.001));
#2989=CARTESIAN_POINT('',(-0.00321716490754038,0.00515148456260114,0.001));
#2990=CARTESIAN_POINT('',(-0.00293432219506576,0.00543432727507576,0.001));
#2991=CARTESIAN_POINT('',(-0.00376470891197119,-0.00376469095142287,0.001));
#2992=CARTESIAN_POINT('',(-0.00302931786118155,-0.00450008200221251,0.001));
#2993=CARTESIAN_POINT('',(-0.00450009996276082,-0.00302929990063325,0.001));
#2994=CARTESIAN_POINT('',(-0.00523549101355045,-0.00376469095142287,0.001));
#2995=CARTESIAN_POINT('',(-0.00597088206434008,-0.00450008200221251,0.001));
#2996=CARTESIAN_POINT('',(-0.00523549101355045,-0.00523547305300214,0.001));
#2997=CARTESIAN_POINT('',(-0.00450009996276082,-0.00597086410379177,0.001));
#2998=CARTESIAN_POINT('',(-0.00376470891197118,-0.00523547305300214,0.001));
#2999=CARTESIAN_POINT('',(0.,-0.012,0.001));
#3000=CARTESIAN_POINT('',(0.003499999971101,-0.012,0.001));
#3001=CARTESIAN_POINT('',(0.003999984759972,-0.011999999999997,0.001));
#3002=CARTESIAN_POINT('',(0.003499999971101,-0.0101500177947265,0.001));
#3003=CARTESIAN_POINT('',(0.003499999971101,-0.007125017809417,0.001));
#3004=CARTESIAN_POINT('',(0.,-0.007125017809417,0.001));
#3005=CARTESIAN_POINT('',(-0.003499999971101,-0.007125017809417,0.001));
#3006=CARTESIAN_POINT('',(-0.003499999971101,-0.0101500177947265,0.001));
#3007=CARTESIAN_POINT('',(-0.003999984759972,-0.011499999999997,0.001));
#3008=CARTESIAN_POINT('',(-0.003999984759972,-0.010999999999997,0.001));
#3009=CARTESIAN_POINT('',(-0.004782020662756,-0.010999999999997,0.001));
#3010=CARTESIAN_POINT('',(-0.00556405656554,-0.010999999999997,0.001));
#3011=CARTESIAN_POINT('',(-0.00556405656554,-0.01050002177359,0.001));
#3012=CARTESIAN_POINT('',(-0.0060469983765574,-0.0103706176235085,0.001));
#3013=CARTESIAN_POINT('',(-0.00581608646848172,-0.00950884452734622,0.001));
#3014=CARTESIAN_POINT('',(-0.0055851745604052,-0.00864707143118418,0.001));
#3015=CARTESIAN_POINT('',(-0.008000015943532,-0.008000015223508,0.001));
#3016=CARTESIAN_POINT('',(-0.0084224127706361,-0.00553592886909313,0.001));
#3017=CARTESIAN_POINT('',(-0.008506887545335,-0.005043138378561,0.001));
#3018=CARTESIAN_POINT('',(-0.00900514859969136,-0.00500173334465335,0.001));
#3019=CARTESIAN_POINT('',(-0.01050002148192,-0.004877510787351,0.001));
#3020=CARTESIAN_POINT('',(-0.0105000206104975,-0.00337748539497292,0.001));
#3021=CARTESIAN_POINT('',(-0.01050002032004,-0.002877505715011,0.001));
#3022=CARTESIAN_POINT('',(-0.010999999999997,-0.002877505715011,0.001));
#3023=CARTESIAN_POINT('',(-0.010999999999997,0.,0.001));
#3024=CARTESIAN_POINT('',(-0.010999999999997,0.002877505715011,0.001));
#3025=CARTESIAN_POINT('',(-0.01050002032004,0.002877505715011,0.001));
#3026=CARTESIAN_POINT('',(-0.0105000206104975,0.00337748539497292,0.001));
#3027=CARTESIAN_POINT('',(-0.01050002148192,0.004877510787351,0.001));
#3028=CARTESIAN_POINT('',(-0.00900514859968688,0.00500173334465372,0.001));
#3029=CARTESIAN_POINT('',(-0.008506887545335,0.005043138378561,0.001));
#3030=CARTESIAN_POINT('',(-0.00842241277063578,0.00553592886909498,0.001));
#3031=CARTESIAN_POINT('',(-0.008000015943532,0.008000015223508,0.001));
#3032=CARTESIAN_POINT('',(-0.00558517456040382,0.00864707143118455,0.001));
#3033=CARTESIAN_POINT('',(-0.00581608646848091,0.00950884452734644,0.001));
#3034=CARTESIAN_POINT('',(-0.00604699837655743,0.0103706176235085,0.001));
#3035=CARTESIAN_POINT('',(-0.00556405656554,0.01050002177359,0.001));
#3036=CARTESIAN_POINT('',(-0.00556405656554,0.011000000000003,0.001));
#3037=CARTESIAN_POINT('',(-4.9960036108132E-16,0.011000000000003,0.001));
#3038=CARTESIAN_POINT('',(0.005564056565539,0.011000000000003,0.001));
#3039=CARTESIAN_POINT('',(0.005564056565539,0.01050002177359,0.001));
#3040=CARTESIAN_POINT('',(0.0060469983765564,0.0103706176235085,0.001));
#3041=CARTESIAN_POINT('',(0.00581608646847969,0.00950884452734663,0.001));
#3042=CARTESIAN_POINT('',(0.0055851745604032,0.00864707143118472,0.001));
#3043=CARTESIAN_POINT('',(0.008000015943532,0.008000015223508,0.001));
#3044=CARTESIAN_POINT('',(0.0084224127706361,0.00553592886909313,0.001));
#3045=CARTESIAN_POINT('',(0.008506887545335,0.005043138378561,0.001));
#3046=CARTESIAN_POINT('',(0.00900514859969136,0.00500173334465341,0.001));
#3047=CARTESIAN_POINT('',(0.010500021481923,0.004877510787351,0.001));
#3048=CARTESIAN_POINT('',(0.010500020610499,0.00337748539497326,0.001));
#3049=CARTESIAN_POINT('',(0.010500020320041,0.002877505715011,0.001));
#3050=CARTESIAN_POINT('',(0.011000000000003,0.002877505715011,0.001));
#3051=CARTESIAN_POINT('',(0.011000000000003,0.,0.001));
#3052=CARTESIAN_POINT('',(0.011000000000003,-0.002877505715011,0.001));
#3053=CARTESIAN_POINT('',(0.010500020320041,-0.002877505715011,0.001));
#3054=CARTESIAN_POINT('',(0.010500020610499,-0.00337748539497292,0.001));
#3055=CARTESIAN_POINT('',(0.010500021481923,-0.004877510787351,0.001));
#3056=CARTESIAN_POINT('',(0.00900514859968987,-0.00500173334465353,0.001));
#3057=CARTESIAN_POINT('',(0.008506887545335,-0.005043138378561,0.001));
#3058=CARTESIAN_POINT('',(0.00842241277063578,-0.00553592886909498,0.001));
#3059=CARTESIAN_POINT('',(0.008000015943532,-0.008000015223508,0.001));
#3060=CARTESIAN_POINT('',(0.00558517456040382,-0.00864707143118455,0.001));
#3061=CARTESIAN_POINT('',(0.00581608646848087,-0.00950884452734631,0.001));
#3062=CARTESIAN_POINT('',(0.00604699837655737,-0.0103706176235082,0.001));
#3063=CARTESIAN_POINT('',(0.005564056565539,-0.01050002177359,0.001));
#3064=CARTESIAN_POINT('',(0.005564056565539,-0.011000000000003,0.001));
#3065=CARTESIAN_POINT('',(0.0047820206627555,-0.010999999999997,0.001));
#3066=CARTESIAN_POINT('',(0.003999984759972,-0.010999999999997,0.001));
#3067=CARTESIAN_POINT('',(0.003999984759972,-0.011499999999997,0.001));
#3068=CARTESIAN_POINT('',(0.00376469095142288,-0.00376470891197118,0.001));
#3069=CARTESIAN_POINT('',(0.00450008200221251,-0.00302931786118155,0.001));
#3070=CARTESIAN_POINT('',(0.00302929990063325,-0.00450009996276081,0.001));
#3071=CARTESIAN_POINT('',(0.00376469095142288,-0.00523549101355045,0.001));
#3072=CARTESIAN_POINT('',(0.00450008200221251,-0.00597088206434008,0.001));
#3073=CARTESIAN_POINT('',(0.00523547305300214,-0.00523549101355045,0.001));
#3074=CARTESIAN_POINT('',(0.00597086410379177,-0.00450009996276082,0.001));
#3075=CARTESIAN_POINT('',(0.00523547305300214,-0.00376470891197118,0.001));
#3076=CARTESIAN_POINT('',(0.00376470891197118,0.00376469095142287,0.001));
#3077=CARTESIAN_POINT('',(0.00302931786118155,0.00450008200221251,0.001));
#3078=CARTESIAN_POINT('',(0.00450009996276081,0.00302929990063325,0.001));
#3079=CARTESIAN_POINT('',(0.00523549101355045,0.00376469095142288,0.001));
#3080=CARTESIAN_POINT('',(0.00597088206434008,0.00450008200221251,0.001));
#3081=CARTESIAN_POINT('',(0.00523549101355045,0.00523547305300214,0.001));
#3082=CARTESIAN_POINT('',(0.00450009996276082,0.00597086410379177,0.001));
#3083=CARTESIAN_POINT('',(0.00376470891197118,0.00523547305300214,0.001));
#3084=CARTESIAN_POINT('',(-0.00632314243307365,-0.00315124923570944,0.001));
#3085=CARTESIAN_POINT('',(-0.00688882785802289,-0.00371693466065868,0.001));
#3086=CARTESIAN_POINT('',(-0.00575745700812442,-0.0025855638107602,0.001));
#3087=CARTESIAN_POINT('',(-0.00660598514554827,-0.0039997773731333,0.001));
#3088=CARTESIAN_POINT('',(-0.00632314243307365,-0.00428262008560792,0.001));
#3089=CARTESIAN_POINT('',(-0.00575745700812442,-0.00371693466065868,0.001));
#3090=CARTESIAN_POINT('',(-0.00519177158317518,-0.00315124923570944,0.001));
#3091=CARTESIAN_POINT('',(-0.0054746142956498,-0.00286840652323483,0.001));
#3092=CARTESIAN_POINT('',(-0.00531716744754538,-0.0053502666713382,0.001));
#3093=CARTESIAN_POINT('',(-0.00588285287249462,-0.00478458124638896,0.001));
#3094=CARTESIAN_POINT('',(-0.00475148202259614,-0.00591595209628744,0.001));
#3095=CARTESIAN_POINT('',(-0.00616569558496923,-0.00506742395886358,0.001));
#3096=CARTESIAN_POINT('',(-0.00644853829744385,-0.0053502666713382,0.001));
#3097=CARTESIAN_POINT('',(-0.00588285287249462,-0.00591595209628744,0.001));
#3098=CARTESIAN_POINT('',(-0.00531716744754538,-0.00648163752123667,0.001));
#3099=CARTESIAN_POINT('',(-0.00503432473507076,-0.00619879480876205,0.001));
#3100=CARTESIAN_POINT('',(0.00353285033248962,-0.00571716998755038,0.001));
#3101=CARTESIAN_POINT('',(0.00296716490754038,-0.00515148456260114,0.001));
#3102=CARTESIAN_POINT('',(0.00409853575743886,-0.00628285541249961,0.001));
#3103=CARTESIAN_POINT('',(0.00268432219506576,-0.00543432727507576,0.001));
#3104=CARTESIAN_POINT('',(0.00240147948259115,-0.00571716998755038,0.001));
#3105=CARTESIAN_POINT('',(0.00296716490754038,-0.00628285541249962,0.001));
#3106=CARTESIAN_POINT('',(0.00353285033248962,-0.00684854083744885,0.001));
#3107=CARTESIAN_POINT('',(0.00381569304496424,-0.00656569812497423,0.001));
#3108=CARTESIAN_POINT('',(0.00546716998755042,-0.00521716744754532,0.001));
#3109=CARTESIAN_POINT('',(0.00490148456260118,-0.00578285287249456,0.001));
#3110=CARTESIAN_POINT('',(0.00603285541249965,-0.00465148202259608,0.001));
#3111=CARTESIAN_POINT('',(0.0051843272750758,-0.00606569558496917,0.001));
#3112=CARTESIAN_POINT('',(0.00546716998755042,-0.00634853829744379,0.001));
#3113=CARTESIAN_POINT('',(0.00603285541249965,-0.00578285287249456,0.001));
#3114=CARTESIAN_POINT('',(0.00659854083744889,-0.00521716744754532,0.001));
#3115=CARTESIAN_POINT('',(0.00631569812497427,-0.0049343247350707,0.001));
#3116=CARTESIAN_POINT('',(0.00681569812497427,0.00406569304496429,0.001));
#3117=CARTESIAN_POINT('',(0.00653285541249965,0.00434853575743892,0.001));
#3118=CARTESIAN_POINT('',(0.00709854083744889,0.00378285033248968,0.001));
#3119=CARTESIAN_POINT('',(0.00596716998755042,0.00378285033248968,0.001));
#3120=CARTESIAN_POINT('',(0.00540148456260118,0.00321716490754044,0.001));
#3121=CARTESIAN_POINT('',(0.0056843272750758,0.00293432219506582,0.001));
#3122=CARTESIAN_POINT('',(0.00596716998755041,0.0026514794825912,0.001));
#3123=CARTESIAN_POINT('',(0.00653285541249965,0.00321716490754044,0.001));
#3124=CARTESIAN_POINT('',(0.00578285287249461,0.00603285541249962,0.001));
#3125=CARTESIAN_POINT('',(0.00521716744754538,0.00659854083744886,0.001));
#3126=CARTESIAN_POINT('',(0.00634853829744385,0.00546716998755038,0.001));
#3127=CARTESIAN_POINT('',(0.00493432473507076,0.00631569812497424,0.001));
#3128=CARTESIAN_POINT('',(0.00465148202259614,0.00603285541249962,0.001));
#3129=CARTESIAN_POINT('',(0.00521716744754538,0.00546716998755038,0.001));
#3130=CARTESIAN_POINT('',(0.00578285287249461,0.00490148456260114,0.001));
#3131=CARTESIAN_POINT('',(0.00606569558496923,0.00518432727507576,0.001));
#3132=CARTESIAN_POINT('',(0.00300000508000998,0.00855001524003007,0.001));
#3133=CARTESIAN_POINT('',(0.00260000508000999,0.00855001524003007,0.001));
#3134=CARTESIAN_POINT('',(0.00340000508000998,0.00855001524003007,0.001));
#3135=CARTESIAN_POINT('',(0.00260000508000999,0.00775001524003007,0.001));
#3136=CARTESIAN_POINT('',(0.00260000508000999,0.00695001524003007,0.001));
#3137=CARTESIAN_POINT('',(0.00300000508000998,0.00695001524003007,0.001));
#3138=CARTESIAN_POINT('',(0.00340000508000998,0.00695001524003007,0.001));
#3139=CARTESIAN_POINT('',(0.00340000508000998,0.00775001524003007,0.001));
#3140=CARTESIAN_POINT('',(-0.009750020320041,0.0015,0.001));
#3141=CARTESIAN_POINT('',(-0.009000020320041,0.0015,0.001));
#3142=CARTESIAN_POINT('',(-0.010500020320041,0.0015,0.001));
#3143=CARTESIAN_POINT('',(-0.010500020320041,-1.0842021724855E-19,0.001));
#3144=CARTESIAN_POINT('',(-0.010500020320041,-0.0015,0.001));
#3145=CARTESIAN_POINT('',(-0.009750020320041,-0.0015,0.001));
#3146=CARTESIAN_POINT('',(-0.009000020320041,-0.0015,0.001));
#3147=CARTESIAN_POINT('',(-0.009000020320041,-2.16840434497101E-19,0.001));
#3148=CARTESIAN_POINT('',(0.,-0.012,0.004));
#3149=CARTESIAN_POINT('',(0.003499999971101,-0.012,0.0018));
#3150=CARTESIAN_POINT('',(0.003999984759972,-0.011999999999997,0.004));
#3151=CARTESIAN_POINT('',(0.003999984759972,-0.011499999999997,0.004));
#3152=CARTESIAN_POINT('',(0.003999984759972,-0.010999999999997,0.004));
#3153=CARTESIAN_POINT('',(0.0047820206627555,-0.010999999999997,0.004));
#3154=CARTESIAN_POINT('',(0.005564056565539,-0.011000000000003,0.004));
#3155=CARTESIAN_POINT('',(0.005564056565539,-0.01050002177359,0.004));
#3156=CARTESIAN_POINT('',(0.00604699837655737,-0.0103706176235082,0.004));
#3157=CARTESIAN_POINT('',(0.00581608646848087,-0.00950884452734631,0.004));
#3158=CARTESIAN_POINT('',(0.00558517456040382,-0.00864707143118455,0.004));
#3159=CARTESIAN_POINT('',(0.008000015943532,-0.008000015223508,0.004));
#3160=CARTESIAN_POINT('',(0.00842241277063578,-0.00553592886909498,0.004));
#3161=CARTESIAN_POINT('',(0.008506887545335,-0.005043138378561,0.004));
#3162=CARTESIAN_POINT('',(0.00900514859968987,-0.00500173334465353,0.004));
#3163=CARTESIAN_POINT('',(0.010500021481923,-0.004877510787351,0.004));
#3164=CARTESIAN_POINT('',(0.010500020610499,-0.00337748539497292,0.004));
#3165=CARTESIAN_POINT('',(0.010500020320041,-0.002877505715011,0.004));
#3166=CARTESIAN_POINT('',(0.011000000000003,-0.002877505715011,0.004));
#3167=CARTESIAN_POINT('',(0.011000000000003,0.,0.004));
#3168=CARTESIAN_POINT('',(0.011000000000003,0.002877505715011,0.004));
#3169=CARTESIAN_POINT('',(0.010500020320041,0.002877505715011,0.004));
#3170=CARTESIAN_POINT('',(0.010500020610499,0.00337748539497326,0.004));
#3171=CARTESIAN_POINT('',(0.010500021481923,0.004877510787351,0.004));
#3172=CARTESIAN_POINT('',(0.00900514859969136,0.00500173334465341,0.004));
#3173=CARTESIAN_POINT('',(0.008506887545335,0.005043138378561,0.004));
#3174=CARTESIAN_POINT('',(0.0084224127706361,0.00553592886909313,0.004));
#3175=CARTESIAN_POINT('',(0.008000015943532,0.008000015223508,0.004));
#3176=CARTESIAN_POINT('',(0.0055851745604032,0.00864707143118472,0.004));
#3177=CARTESIAN_POINT('',(0.00581608646847969,0.00950884452734663,0.004));
#3178=CARTESIAN_POINT('',(0.0060469983765564,0.0103706176235085,0.004));
#3179=CARTESIAN_POINT('',(0.005564056565539,0.01050002177359,0.004));
#3180=CARTESIAN_POINT('',(0.005564056565539,0.011000000000003,0.004));
#3181=CARTESIAN_POINT('',(-4.9960036108132E-16,0.011000000000003,0.004));
#3182=CARTESIAN_POINT('',(-0.00556405656554,0.011000000000003,0.004));
#3183=CARTESIAN_POINT('',(-0.00556405656554,0.01050002177359,0.004));
#3184=CARTESIAN_POINT('',(-0.00604699837655743,0.0103706176235085,0.004));
#3185=CARTESIAN_POINT('',(-0.00581608646848091,0.00950884452734644,0.004));
#3186=CARTESIAN_POINT('',(-0.00558517456040382,0.00864707143118455,0.004));
#3187=CARTESIAN_POINT('',(-0.008000015943532,0.008000015223508,0.004));
#3188=CARTESIAN_POINT('',(-0.00842241277063578,0.00553592886909498,0.004));
#3189=CARTESIAN_POINT('',(-0.008506887545335,0.005043138378561,0.004));
#3190=CARTESIAN_POINT('',(-0.00900514859968688,0.00500173334465372,0.004));
#3191=CARTESIAN_POINT('',(-0.01050002148192,0.004877510787351,0.004));
#3192=CARTESIAN_POINT('',(-0.0105000206104975,0.00337748539497292,0.004));
#3193=CARTESIAN_POINT('',(-0.01050002032004,0.002877505715011,0.004));
#3194=CARTESIAN_POINT('',(-0.010999999999997,0.002877505715011,0.004));
#3195=CARTESIAN_POINT('',(-0.010999999999997,0.,0.004));
#3196=CARTESIAN_POINT('',(-0.010999999999997,-0.002877505715011,0.004));
#3197=CARTESIAN_POINT('',(-0.01050002032004,-0.002877505715011,0.004));
#3198=CARTESIAN_POINT('',(-0.0105000206104975,-0.00337748539497292,0.004));
#3199=CARTESIAN_POINT('',(-0.01050002148192,-0.004877510787351,0.004));
#3200=CARTESIAN_POINT('',(-0.00900514859969136,-0.00500173334465335,0.004));
#3201=CARTESIAN_POINT('',(-0.008506887545335,-0.005043138378561,0.004));
#3202=CARTESIAN_POINT('',(-0.0084224127706361,-0.00553592886909313,0.004));
#3203=CARTESIAN_POINT('',(-0.008000015943532,-0.008000015223508,0.004));
#3204=CARTESIAN_POINT('',(-0.0055851745604052,-0.00864707143118418,0.004));
#3205=CARTESIAN_POINT('',(-0.00581608646848172,-0.00950884452734622,0.004));
#3206=CARTESIAN_POINT('',(-0.0060469983765574,-0.0103706176235085,0.004));
#3207=CARTESIAN_POINT('',(-0.00556405656554,-0.01050002177359,0.004));
#3208=CARTESIAN_POINT('',(-0.00556405656554,-0.010999999999997,0.004));
#3209=CARTESIAN_POINT('',(-0.004782020662756,-0.010999999999997,0.004));
#3210=CARTESIAN_POINT('',(-0.003999984759972,-0.010999999999997,0.004));
#3211=CARTESIAN_POINT('',(-0.003999984759972,-0.011499999999997,0.004));
#3212=CARTESIAN_POINT('',(-0.00523547305300214,0.00376470891197119,0.0018));
#3213=CARTESIAN_POINT('',(-0.00597086410379177,0.00450009996276082,0.0018));
#3214=CARTESIAN_POINT('',(-0.00597086410379177,0.00450009996276082,0.0018));
#3215=CARTESIAN_POINT('',(-0.00523547305300214,0.00376470891197119,0.0018));
#3216=CARTESIAN_POINT('',(-0.00450008200221251,0.00302931786118155,0.0018));
#3217=CARTESIAN_POINT('',(-0.00450008200221251,0.00302931786118155,0.0018));
#3218=CARTESIAN_POINT('',(-0.00523547305300214,0.00523549101355045,0.0018));
#3219=CARTESIAN_POINT('',(-0.00450008200221251,0.00597088206434008,0.0018));
#3220=CARTESIAN_POINT('',(-0.00450008200221251,0.00597088206434008,0.0018));
#3221=CARTESIAN_POINT('',(-0.00523547305300214,0.00523549101355045,0.0018));
#3222=CARTESIAN_POINT('',(-0.00376469095142288,0.00523549101355045,0.0018));
#3223=CARTESIAN_POINT('',(-0.00302929990063325,0.00450009996276081,0.0018));
#3224=CARTESIAN_POINT('',(-0.00302929990063325,0.00450009996276081,0.0018));
#3225=CARTESIAN_POINT('',(-0.00376469095142288,0.00523549101355045,0.0018));
#3226=CARTESIAN_POINT('',(-0.00376469095142287,0.00376470891197119,0.0018));
#3227=CARTESIAN_POINT('',(-0.00376469095142287,0.00376470891197119,0.0018));
#3228=CARTESIAN_POINT('',(5.03069808033274E-16,-0.0005875088900165,0.0018));
#3229=CARTESIAN_POINT('',(4.82278195350003E-6,0.00574540778683,0.0018));
#3230=CARTESIAN_POINT('',(-0.00224517538444,0.00574540778683,0.0018));
#3231=CARTESIAN_POINT('',(-0.00224517538444,0.00574540778683,0.0018));
#3232=CARTESIAN_POINT('',(4.82278195350003E-6,0.00574540778683,0.0018));
#3233=CARTESIAN_POINT('',(0.002254820948347,0.00574540778683,0.0018));
#3234=CARTESIAN_POINT('',(0.002254820948347,0.00574540778683,0.0018));
#3235=CARTESIAN_POINT('',(-0.00224517538444,0.007995405953223,0.0018));
#3236=CARTESIAN_POINT('',(-0.00224517538444,0.010245404119616,0.0018));
#3237=CARTESIAN_POINT('',(-0.00224517538444,0.010245404119616,0.0018));
#3238=CARTESIAN_POINT('',(-0.00224517538444,0.007995405953223,0.0018));
#3239=CARTESIAN_POINT('',(4.82278195350068E-6,0.010245404119616,0.0018));
#3240=CARTESIAN_POINT('',(0.002254820948347,0.010245404119616,0.0018));
#3241=CARTESIAN_POINT('',(0.002254820948347,0.010245404119616,0.0018));
#3242=CARTESIAN_POINT('',(4.82278195350068E-6,0.010245404119616,0.0018));
#3243=CARTESIAN_POINT('',(0.002254820948347,0.007995405953223,0.0018));
#3244=CARTESIAN_POINT('',(0.002254820948347,0.007995405953223,0.0018));
#3245=CARTESIAN_POINT('',(5.03069808033274E-16,-0.0005875088900165,0.0018));
#3246=CARTESIAN_POINT('',(-0.00631569812497424,0.00493432473507076,0.0018));
#3247=CARTESIAN_POINT('',(-0.00659854083744886,0.00521716744754538,0.0018));
#3248=CARTESIAN_POINT('',(-0.00659854083744886,0.00521716744754538,0.0018));
#3249=CARTESIAN_POINT('',(-0.00631569812497424,0.00493432473507076,0.0018));
#3250=CARTESIAN_POINT('',(-0.00603285541249962,0.00465148202259614,0.0018));
#3251=CARTESIAN_POINT('',(-0.00603285541249962,0.00465148202259614,0.0018));
#3252=CARTESIAN_POINT('',(-0.00603285541249962,0.00578285287249462,0.0018));
#3253=CARTESIAN_POINT('',(-0.00546716998755038,0.00634853829744385,0.0018));
#3254=CARTESIAN_POINT('',(-0.00546716998755038,0.00634853829744385,0.0018));
#3255=CARTESIAN_POINT('',(-0.00603285541249962,0.00578285287249462,0.0018));
#3256=CARTESIAN_POINT('',(-0.00518432727507576,0.00606569558496923,0.0018));
#3257=CARTESIAN_POINT('',(-0.00490148456260114,0.00578285287249462,0.0018));
#3258=CARTESIAN_POINT('',(-0.00490148456260114,0.00578285287249462,0.0018));
#3259=CARTESIAN_POINT('',(-0.00518432727507576,0.00606569558496923,0.0018));
#3260=CARTESIAN_POINT('',(-0.00546716998755038,0.00521716744754538,0.0018));
#3261=CARTESIAN_POINT('',(-0.00546716998755038,0.00521716744754538,0.0018));
#3262=CARTESIAN_POINT('',(5.03069808033274E-16,-0.0005875088900165,0.0018));
#3263=CARTESIAN_POINT('',(-0.00406569304496424,0.00656569812497424,0.0018));
#3264=CARTESIAN_POINT('',(-0.00378285033248962,0.00684854083744885,0.0018));
#3265=CARTESIAN_POINT('',(-0.00378285033248962,0.00684854083744885,0.0018));
#3266=CARTESIAN_POINT('',(-0.00406569304496424,0.00656569812497424,0.0018));
#3267=CARTESIAN_POINT('',(-0.00434853575743886,0.00628285541249962,0.0018));
#3268=CARTESIAN_POINT('',(-0.00434853575743886,0.00628285541249962,0.0018));
#3269=CARTESIAN_POINT('',(-0.00321716490754038,0.00628285541249962,0.0018));
#3270=CARTESIAN_POINT('',(-0.00265147948259114,0.00571716998755038,0.0018));
#3271=CARTESIAN_POINT('',(-0.00265147948259114,0.00571716998755038,0.0018));
#3272=CARTESIAN_POINT('',(-0.00321716490754038,0.00628285541249962,0.0018));
#3273=CARTESIAN_POINT('',(-0.00293432219506576,0.00543432727507576,0.0018));
#3274=CARTESIAN_POINT('',(-0.00321716490754038,0.00515148456260114,0.0018));
#3275=CARTESIAN_POINT('',(-0.00321716490754038,0.00515148456260114,0.0018));
#3276=CARTESIAN_POINT('',(-0.00293432219506576,0.00543432727507576,0.0018));
#3277=CARTESIAN_POINT('',(-0.00378285033248962,0.00571716998755038,0.0018));
#3278=CARTESIAN_POINT('',(-0.00378285033248962,0.00571716998755038,0.0018));
#3279=CARTESIAN_POINT('',(5.03069808033274E-16,-0.0005875088900165,0.0018));
#3280=CARTESIAN_POINT('',(-0.00523549101355045,-0.00376469095142287,0.0018));
#3281=CARTESIAN_POINT('',(-0.00450009996276082,-0.00302929990063325,0.0018));
#3282=CARTESIAN_POINT('',(-0.00450009996276082,-0.00302929990063325,0.0018));
#3283=CARTESIAN_POINT('',(-0.00523549101355045,-0.00376469095142287,0.0018));
#3284=CARTESIAN_POINT('',(-0.00597088206434008,-0.00450008200221251,0.0018));
#3285=CARTESIAN_POINT('',(-0.00597088206434008,-0.00450008200221251,0.0018));
#3286=CARTESIAN_POINT('',(-0.00376470891197119,-0.00376469095142287,0.0018));
#3287=CARTESIAN_POINT('',(-0.00302931786118155,-0.00450008200221251,0.0018));
#3288=CARTESIAN_POINT('',(-0.00302931786118155,-0.00450008200221251,0.0018));
#3289=CARTESIAN_POINT('',(-0.00376470891197119,-0.00376469095142287,0.0018));
#3290=CARTESIAN_POINT('',(-0.00376470891197118,-0.00523547305300214,0.0018));
#3291=CARTESIAN_POINT('',(-0.00450009996276082,-0.00597086410379178,0.0018));
#3292=CARTESIAN_POINT('',(-0.00450009996276082,-0.00597086410379178,0.0018));
#3293=CARTESIAN_POINT('',(-0.00376470891197118,-0.00523547305300214,0.0018));
#3294=CARTESIAN_POINT('',(-0.00523549101355045,-0.00523547305300214,0.0018));
#3295=CARTESIAN_POINT('',(-0.00523549101355045,-0.00523547305300214,0.0018));
#3296=CARTESIAN_POINT('',(5.03069808033274E-16,-0.0005875088900165,0.0018));
#3297=CARTESIAN_POINT('',(0.003499999971101,-0.0101500177947265,0.0018));
#3298=CARTESIAN_POINT('',(0.003499999971101,-0.007125017809417,0.0018));
#3299=CARTESIAN_POINT('',(-0.003499999971101,-0.0101500177947265,0.0018));
#3300=CARTESIAN_POINT('',(-0.003499999971101,-0.007125017809417,0.0018));
#3301=CARTESIAN_POINT('',(0.,-0.007125017809417,0.0018));
#3302=CARTESIAN_POINT('',(0.00376469095142288,-0.00523549101355045,0.0018));
#3303=CARTESIAN_POINT('',(0.00302929990063325,-0.00450009996276081,0.0018));
#3304=CARTESIAN_POINT('',(0.00302929990063325,-0.00450009996276081,0.0018));
#3305=CARTESIAN_POINT('',(0.00376469095142288,-0.00523549101355045,0.0018));
#3306=CARTESIAN_POINT('',(0.00450008200221251,-0.00597088206434008,0.0018));
#3307=CARTESIAN_POINT('',(0.00450008200221251,-0.00597088206434008,0.0018));
#3308=CARTESIAN_POINT('',(0.00376469095142288,-0.00376470891197118,0.0018));
#3309=CARTESIAN_POINT('',(0.00450008200221251,-0.00302931786118155,0.0018));
#3310=CARTESIAN_POINT('',(0.00450008200221251,-0.00302931786118155,0.0018));
#3311=CARTESIAN_POINT('',(0.00376469095142288,-0.00376470891197118,0.0018));
#3312=CARTESIAN_POINT('',(0.00523547305300214,-0.00376470891197118,0.0018));
#3313=CARTESIAN_POINT('',(0.00597086410379178,-0.00450009996276082,0.0018));
#3314=CARTESIAN_POINT('',(0.00597086410379178,-0.00450009996276082,0.0018));
#3315=CARTESIAN_POINT('',(0.00523547305300214,-0.00376470891197118,0.0018));
#3316=CARTESIAN_POINT('',(0.00523547305300214,-0.00523549101355045,0.0018));
#3317=CARTESIAN_POINT('',(0.00523547305300214,-0.00523549101355045,0.0018));
#3318=CARTESIAN_POINT('',(5.03069808033274E-16,-0.0005875088900165,0.0018));
#3319=CARTESIAN_POINT('',(0.00523549101355045,0.00376469095142288,0.0018));
#3320=CARTESIAN_POINT('',(0.00450009996276081,0.00302929990063325,0.0018));
#3321=CARTESIAN_POINT('',(0.00450009996276081,0.00302929990063325,0.0018));
#3322=CARTESIAN_POINT('',(0.00523549101355045,0.00376469095142288,0.0018));
#3323=CARTESIAN_POINT('',(0.00597088206434008,0.00450008200221251,0.0018));
#3324=CARTESIAN_POINT('',(0.00597088206434008,0.00450008200221251,0.0018));
#3325=CARTESIAN_POINT('',(0.00376470891197118,0.00376469095142287,0.0018));
#3326=CARTESIAN_POINT('',(0.00302931786118155,0.00450008200221251,0.0018));
#3327=CARTESIAN_POINT('',(0.00302931786118155,0.00450008200221251,0.0018));
#3328=CARTESIAN_POINT('',(0.00376470891197118,0.00376469095142287,0.0018));
#3329=CARTESIAN_POINT('',(0.00376470891197118,0.00523547305300214,0.0018));
#3330=CARTESIAN_POINT('',(0.00450009996276082,0.00597086410379178,0.0018));
#3331=CARTESIAN_POINT('',(0.00450009996276082,0.00597086410379178,0.0018));
#3332=CARTESIAN_POINT('',(0.00376470891197118,0.00523547305300214,0.0018));
#3333=CARTESIAN_POINT('',(0.00523549101355045,0.00523547305300214,0.0018));
#3334=CARTESIAN_POINT('',(0.00523549101355045,0.00523547305300214,0.0018));
#3335=CARTESIAN_POINT('',(5.03069808033274E-16,-0.0005875088900165,0.0018));
#3336=CARTESIAN_POINT('',(-0.00660598514554827,-0.0039997773731333,0.0018));
#3337=CARTESIAN_POINT('',(-0.00688882785802289,-0.00371693466065868,0.0018));
#3338=CARTESIAN_POINT('',(-0.00688882785802289,-0.00371693466065868,0.0018));
#3339=CARTESIAN_POINT('',(-0.00660598514554827,-0.0039997773731333,0.0018));
#3340=CARTESIAN_POINT('',(-0.00632314243307365,-0.00428262008560792,0.0018));
#3341=CARTESIAN_POINT('',(-0.00632314243307365,-0.00428262008560792,0.0018));
#3342=CARTESIAN_POINT('',(-0.00632314243307365,-0.00315124923570944,0.0018));
#3343=CARTESIAN_POINT('',(-0.00575745700812442,-0.0025855638107602,0.0018));
#3344=CARTESIAN_POINT('',(-0.00575745700812442,-0.0025855638107602,0.0018));
#3345=CARTESIAN_POINT('',(-0.00632314243307365,-0.00315124923570944,0.0018));
#3346=CARTESIAN_POINT('',(-0.0054746142956498,-0.00286840652323483,0.0018));
#3347=CARTESIAN_POINT('',(-0.00519177158317518,-0.00315124923570944,0.0018));
#3348=CARTESIAN_POINT('',(-0.00519177158317518,-0.00315124923570944,0.0018));
#3349=CARTESIAN_POINT('',(-0.0054746142956498,-0.00286840652323483,0.0018));
#3350=CARTESIAN_POINT('',(-0.00575745700812442,-0.00371693466065868,0.0018));
#3351=CARTESIAN_POINT('',(-0.00575745700812442,-0.00371693466065868,0.0018));
#3352=CARTESIAN_POINT('',(5.03069808033274E-16,-0.0005875088900165,0.0018));
#3353=CARTESIAN_POINT('',(-0.00616569558496923,-0.00506742395886358,0.0018));
#3354=CARTESIAN_POINT('',(-0.00588285287249462,-0.00478458124638896,0.0018));
#3355=CARTESIAN_POINT('',(-0.00588285287249462,-0.00478458124638896,0.0018));
#3356=CARTESIAN_POINT('',(-0.00616569558496923,-0.00506742395886358,0.0018));
#3357=CARTESIAN_POINT('',(-0.00644853829744385,-0.0053502666713382,0.0018));
#3358=CARTESIAN_POINT('',(-0.00644853829744385,-0.0053502666713382,0.0018));
#3359=CARTESIAN_POINT('',(-0.00531716744754538,-0.0053502666713382,0.0018));
#3360=CARTESIAN_POINT('',(-0.00475148202259614,-0.00591595209628744,0.0018));
#3361=CARTESIAN_POINT('',(-0.00475148202259614,-0.00591595209628744,0.0018));
#3362=CARTESIAN_POINT('',(-0.00531716744754538,-0.0053502666713382,0.0018));
#3363=CARTESIAN_POINT('',(-0.00503432473507076,-0.00619879480876205,0.0018));
#3364=CARTESIAN_POINT('',(-0.00531716744754538,-0.00648163752123667,0.0018));
#3365=CARTESIAN_POINT('',(-0.00531716744754538,-0.00648163752123667,0.0018));
#3366=CARTESIAN_POINT('',(-0.00503432473507076,-0.00619879480876205,0.0018));
#3367=CARTESIAN_POINT('',(-0.00588285287249462,-0.00591595209628744,0.0018));
#3368=CARTESIAN_POINT('',(-0.00588285287249462,-0.00591595209628744,0.0018));
#3369=CARTESIAN_POINT('',(5.03069808033274E-16,-0.0005875088900165,0.0018));
#3370=CARTESIAN_POINT('',(0.00268432219506576,-0.00543432727507576,0.0018));
#3371=CARTESIAN_POINT('',(0.00296716490754038,-0.00515148456260114,0.0018));
#3372=CARTESIAN_POINT('',(0.00296716490754038,-0.00515148456260114,0.0018));
#3373=CARTESIAN_POINT('',(0.00268432219506576,-0.00543432727507576,0.0018));
#3374=CARTESIAN_POINT('',(0.00240147948259115,-0.00571716998755038,0.0018));
#3375=CARTESIAN_POINT('',(0.00240147948259115,-0.00571716998755038,0.0018));
#3376=CARTESIAN_POINT('',(0.00353285033248962,-0.00571716998755038,0.0018));
#3377=CARTESIAN_POINT('',(0.00409853575743886,-0.00628285541249961,0.0018));
#3378=CARTESIAN_POINT('',(0.00409853575743886,-0.00628285541249961,0.0018));
#3379=CARTESIAN_POINT('',(0.00353285033248962,-0.00571716998755038,0.0018));
#3380=CARTESIAN_POINT('',(0.00381569304496424,-0.00656569812497423,0.0018));
#3381=CARTESIAN_POINT('',(0.00353285033248962,-0.00684854083744885,0.0018));
#3382=CARTESIAN_POINT('',(0.00353285033248962,-0.00684854083744885,0.0018));
#3383=CARTESIAN_POINT('',(0.00381569304496424,-0.00656569812497423,0.0018));
#3384=CARTESIAN_POINT('',(0.00296716490754038,-0.00628285541249962,0.0018));
#3385=CARTESIAN_POINT('',(0.00296716490754038,-0.00628285541249962,0.0018));
#3386=CARTESIAN_POINT('',(5.03069808033274E-16,-0.0005875088900165,0.0018));
#3387=CARTESIAN_POINT('',(0.0051843272750758,-0.00606569558496917,0.0018));
#3388=CARTESIAN_POINT('',(0.00490148456260118,-0.00578285287249456,0.0018));
#3389=CARTESIAN_POINT('',(0.00490148456260118,-0.00578285287249456,0.0018));
#3390=CARTESIAN_POINT('',(0.0051843272750758,-0.00606569558496917,0.0018));
#3391=CARTESIAN_POINT('',(0.00546716998755042,-0.00634853829744379,0.0018));
#3392=CARTESIAN_POINT('',(0.00546716998755042,-0.00634853829744379,0.0018));
#3393=CARTESIAN_POINT('',(0.00546716998755042,-0.00521716744754532,0.0018));
#3394=CARTESIAN_POINT('',(0.00603285541249965,-0.00465148202259608,0.0018));
#3395=CARTESIAN_POINT('',(0.00603285541249965,-0.00465148202259608,0.0018));
#3396=CARTESIAN_POINT('',(0.00546716998755042,-0.00521716744754532,0.0018));
#3397=CARTESIAN_POINT('',(0.00631569812497427,-0.0049343247350707,0.0018));
#3398=CARTESIAN_POINT('',(0.00659854083744889,-0.00521716744754532,0.0018));
#3399=CARTESIAN_POINT('',(0.00659854083744889,-0.00521716744754532,0.0018));
#3400=CARTESIAN_POINT('',(0.00631569812497427,-0.0049343247350707,0.0018));
#3401=CARTESIAN_POINT('',(0.00603285541249965,-0.00578285287249456,0.0018));
#3402=CARTESIAN_POINT('',(0.00603285541249965,-0.00578285287249456,0.0018));
#3403=CARTESIAN_POINT('',(5.03069808033274E-16,-0.0005875088900165,0.0018));
#3404=CARTESIAN_POINT('',(0.00596716998755042,0.00378285033248968,0.0018));
#3405=CARTESIAN_POINT('',(0.00653285541249965,0.00434853575743892,0.0018));
#3406=CARTESIAN_POINT('',(0.00653285541249965,0.00434853575743892,0.0018));
#3407=CARTESIAN_POINT('',(0.00596716998755042,0.00378285033248968,0.0018));
#3408=CARTESIAN_POINT('',(0.00540148456260118,0.00321716490754044,0.0018));
#3409=CARTESIAN_POINT('',(0.00540148456260118,0.00321716490754044,0.0018));
#3410=CARTESIAN_POINT('',(0.00681569812497427,0.00406569304496429,0.0018));
#3411=CARTESIAN_POINT('',(0.00709854083744889,0.00378285033248968,0.0018));
#3412=CARTESIAN_POINT('',(0.00709854083744889,0.00378285033248968,0.0018));
#3413=CARTESIAN_POINT('',(0.00681569812497427,0.00406569304496429,0.0018));
#3414=CARTESIAN_POINT('',(0.00653285541249965,0.00321716490754044,0.0018));
#3415=CARTESIAN_POINT('',(0.00596716998755042,0.0026514794825912,0.0018));
#3416=CARTESIAN_POINT('',(0.00596716998755042,0.0026514794825912,0.0018));
#3417=CARTESIAN_POINT('',(0.00653285541249965,0.00321716490754044,0.0018));
#3418=CARTESIAN_POINT('',(0.0056843272750758,0.00293432219506582,0.0018));
#3419=CARTESIAN_POINT('',(0.0056843272750758,0.00293432219506582,0.0018));
#3420=CARTESIAN_POINT('',(5.03069808033274E-16,-0.0005875088900165,0.0018));
#3421=CARTESIAN_POINT('',(0.00493432473507076,0.00631569812497424,0.0018));
#3422=CARTESIAN_POINT('',(0.00521716744754538,0.00659854083744886,0.0018));
#3423=CARTESIAN_POINT('',(0.00521716744754538,0.00659854083744886,0.0018));
#3424=CARTESIAN_POINT('',(0.00493432473507076,0.00631569812497424,0.0018));
#3425=CARTESIAN_POINT('',(0.00465148202259614,0.00603285541249962,0.0018));
#3426=CARTESIAN_POINT('',(0.00465148202259614,0.00603285541249962,0.0018));
#3427=CARTESIAN_POINT('',(0.00578285287249461,0.00603285541249962,0.0018));
#3428=CARTESIAN_POINT('',(0.00634853829744385,0.00546716998755038,0.0018));
#3429=CARTESIAN_POINT('',(0.00634853829744385,0.00546716998755038,0.0018));
#3430=CARTESIAN_POINT('',(0.00578285287249461,0.00603285541249962,0.0018));
#3431=CARTESIAN_POINT('',(0.00606569558496923,0.00518432727507576,0.0018));
#3432=CARTESIAN_POINT('',(0.00578285287249461,0.00490148456260114,0.0018));
#3433=CARTESIAN_POINT('',(0.00578285287249461,0.00490148456260114,0.0018));
#3434=CARTESIAN_POINT('',(0.00606569558496923,0.00518432727507576,0.0018));
#3435=CARTESIAN_POINT('',(0.00521716744754538,0.00546716998755038,0.0018));
#3436=CARTESIAN_POINT('',(0.00521716744754538,0.00546716998755038,0.0018));
#3437=CARTESIAN_POINT('',(5.03069808033274E-16,-0.0005875088900165,0.0018));
#3438=CARTESIAN_POINT('',(0.00260000508000999,0.00775001524003007,0.0018));
#3439=CARTESIAN_POINT('',(0.00260000508000999,0.00855001524003007,0.0018));
#3440=CARTESIAN_POINT('',(0.00260000508000999,0.00855001524003007,0.0018));
#3441=CARTESIAN_POINT('',(0.00260000508000999,0.00775001524003007,0.0018));
#3442=CARTESIAN_POINT('',(0.00260000508000999,0.00695001524003007,0.0018));
#3443=CARTESIAN_POINT('',(0.00260000508000999,0.00695001524003007,0.0018));
#3444=CARTESIAN_POINT('',(0.00300000508000998,0.00855001524003007,0.0018));
#3445=CARTESIAN_POINT('',(0.00340000508000998,0.00855001524003007,0.0018));
#3446=CARTESIAN_POINT('',(0.00340000508000998,0.00855001524003007,0.0018));
#3447=CARTESIAN_POINT('',(0.00300000508000998,0.00855001524003007,0.0018));
#3448=CARTESIAN_POINT('',(0.00340000508000998,0.00775001524003007,0.0018));
#3449=CARTESIAN_POINT('',(0.00340000508000998,0.00695001524003007,0.0018));
#3450=CARTESIAN_POINT('',(0.00340000508000998,0.00695001524003007,0.0018));
#3451=CARTESIAN_POINT('',(0.00340000508000998,0.00775001524003007,0.0018));
#3452=CARTESIAN_POINT('',(0.00300000508000998,0.00695001524003007,0.0018));
#3453=CARTESIAN_POINT('',(0.00300000508000998,0.00695001524003007,0.0018));
#3454=CARTESIAN_POINT('',(5.03069808033274E-16,-0.0005875088900165,0.0018));
#3455=CARTESIAN_POINT('',(-0.010500020320041,-1.0842021724855E-19,0.0018));
#3456=CARTESIAN_POINT('',(-0.010500020320041,0.0015,0.0018));
#3457=CARTESIAN_POINT('',(-0.010500020320041,0.0015,0.0018));
#3458=CARTESIAN_POINT('',(-0.010500020320041,-1.0842021724855E-19,0.0018));
#3459=CARTESIAN_POINT('',(-0.010500020320041,-0.0015,0.0018));
#3460=CARTESIAN_POINT('',(-0.010500020320041,-0.0015,0.0018));
#3461=CARTESIAN_POINT('',(-0.009750020320041,0.0015,0.0018));
#3462=CARTESIAN_POINT('',(-0.009000020320041,0.0015,0.0018));
#3463=CARTESIAN_POINT('',(-0.009000020320041,0.0015,0.0018));
#3464=CARTESIAN_POINT('',(-0.009750020320041,0.0015,0.0018));
#3465=CARTESIAN_POINT('',(-0.009000020320041,-2.16840434497101E-19,0.0018));
#3466=CARTESIAN_POINT('',(-0.009000020320041,-0.0015,0.0018));
#3467=CARTESIAN_POINT('',(-0.009000020320041,-0.0015,0.0018));
#3468=CARTESIAN_POINT('',(-0.009000020320041,-2.16840434497101E-19,0.0018));
#3469=CARTESIAN_POINT('',(-0.009750020320041,-0.0015,0.0018));
#3470=CARTESIAN_POINT('',(-0.009750020320041,-0.0015,0.0018));
#3471=CARTESIAN_POINT('',(5.03069808033274E-16,-0.0005875088900165,0.0018));
#3472=CARTESIAN_POINT('',(0.,3.9801020972289E-19,0.0279));
#3473=CARTESIAN_POINT('',(0.,3.9801020972289E-19,0.0029));
#3474=CARTESIAN_POINT('',(-0.0065,3.9801020972289E-19,0.0029));
#3475=CARTESIAN_POINT('',(0.,3.9801020972289E-19,0.0029));
#3476=MECHANICAL_DESIGN_GEOMETRIC_PRESENTATION_REPRESENTATION('',(#2129),
#3477);
#3477=(
GEOMETRIC_REPRESENTATION_CONTEXT(3)
GLOBAL_UNCERTAINTY_ASSIGNED_CONTEXT((#3478))
GLOBAL_UNIT_ASSIGNED_CONTEXT((#3481,#3480,#3479))
REPRESENTATION_CONTEXT('Middle','TOP_LEVEL_ASSEMBLY_PART')
);
#3478=UNCERTAINTY_MEASURE_WITH_UNIT(LENGTH_MEASURE(1.E-8),#3481,
'DISTANCE_ACCURACY_VALUE','Maximum Tolerance applied to model');
#3479=(
NAMED_UNIT(*)
SI_UNIT($,.STERADIAN.)
SOLID_ANGLE_UNIT()
);
#3480=(
NAMED_UNIT(*)
PLANE_ANGLE_UNIT()
SI_UNIT($,.RADIAN.)
);
#3481=(
LENGTH_UNIT()
NAMED_UNIT(*)
SI_UNIT($,.METRE.)
);
#3482=PRODUCT_DEFINITION_SHAPE('','',#3483);
#3483=PRODUCT_DEFINITION('','',#3485,#3484);
#3484=PRODUCT_DEFINITION_CONTEXT('',#3491,'design');
#3485=PRODUCT_DEFINITION_FORMATION_WITH_SPECIFIED_SOURCE('','',#3487,
 .NOT_KNOWN.);
#3486=PRODUCT_RELATED_PRODUCT_CATEGORY('','',(#3487));
#3487=PRODUCT('Middle','Middle','Middle',(#3489));
#3488=PRODUCT_CATEGORY('','');
#3489=PRODUCT_CONTEXT('',#3491,'mechanical');
#3490=APPLICATION_PROTOCOL_DEFINITION('international standard',
'ap242_managed_model_based_3d_engineering',2011,#3491);
#3491=APPLICATION_CONTEXT('managed model based 3d engineering');
ENDSEC;
END-ISO-10303-21;
